settlementDate,settlementPeriod,acceptedprice
2021-01-02,24,81.11
2021-01-02,25,81.8
2021-01-05,7,81.98
2021-01-05,15,84.53
2021-01-06,43,96.43
2021-01-07,13,78.34
2021-01-07,14,81.27
2021-01-07,19,138.0
2021-01-07,20,138.0
2021-01-07,21,136.47
2021-01-08,42,131.64999999999998
2021-01-08,44,132.87
2021-01-11,5,80.42
2021-01-11,11,80.56
2021-01-11,16,89.91
2021-01-11,17,89.06
2021-01-11,18,92.78
2021-01-11,35,109.0
2021-01-11,36,109.0
2021-01-11,37,79.99
2021-01-11,40,94.7
2021-01-11,41,92.79
2021-01-11,42,92.29
2021-01-11,43,87.53
2021-01-11,44,79.23
2021-01-11,45,79.23
2021-01-12,40,52.815
2021-01-13,16,193.91
2021-01-13,17,150.0
2021-01-13,18,150.0
2021-01-13,19,20.0
2021-01-13,24,230.0
2021-01-13,43,107.88499999999999
2021-01-13,47,129.315
2021-01-14,4,109.77499999999999
2021-01-14,5,121.5
2021-01-14,7,100.91999999999999
2021-01-14,16,135.76666666666668
2021-01-14,17,135.76666666666668
2021-01-14,18,142.43333333333334
2021-01-14,19,164.31
2021-01-14,22,152.43333333333334
2021-01-14,24,140.0
2021-01-14,27,140.0
2021-01-14,43,99.675
2021-01-14,44,96.275
2021-01-14,45,98.20000000000002
2021-01-14,47,96.86500000000001
2021-01-14,48,102.43
2021-01-15,1,102.84
2021-01-15,2,101.81
2021-01-15,7,88.81
2021-01-15,10,75.50666666666666
2021-01-15,13,112.105
2021-01-15,14,82.57666666666667
2021-01-15,15,75.0
2021-01-15,16,75.0
2021-01-15,36,134.37
2021-01-15,37,125.97500000000001
2021-01-15,39,108.36
2021-01-15,40,121.07
2021-01-15,41,104.08
2021-01-19,27,85.0
2021-01-19,28,99.0
2021-01-25,16,97.9
2021-01-25,18,98.265
2021-01-25,19,97.75
2021-01-25,20,99.275
2021-01-25,21,99.055
2021-01-25,22,130.0
2021-01-25,45,95.19
2021-01-25,46,93.68
2021-01-25,47,93.6
2021-01-26,5,90.47
2021-01-26,7,91.77
2021-01-26,8,91.54
2021-01-26,9,85.99
2021-01-26,10,85.21
2021-01-26,13,95.47
2021-01-26,14,96.57
2021-01-26,21,98.0
2021-01-26,22,98.0
2021-01-26,38,98.34
2021-01-26,45,95.6
2021-01-26,46,92.69
2021-01-26,47,91.71
2021-01-27,4,90.25
2021-01-27,5,89.88
2021-01-27,7,98.27
2021-01-27,13,91.3
2021-01-27,17,102.0
2021-01-27,19,97.5
2021-01-27,43,99.03
2021-02-01,3,83.85
2021-02-01,4,82.12
2021-02-01,5,80.43
2021-02-01,6,81.79
2021-02-01,15,85.24
2021-02-01,16,119.1
2021-02-01,17,119.1
2021-02-08,2,87.03
2021-02-08,3,87.31
2021-02-08,5,85.87
2021-02-08,6,107.16499999999999
2021-02-08,7,94.65
2021-02-08,11,104.75
2021-02-08,12,88.44
2021-02-09,1,88.23
2021-02-09,2,87.06
2021-02-09,3,86.99
2021-02-09,5,86.99
2021-02-09,6,86.99
2021-02-09,45,99.8
2021-02-09,47,88.8
2021-02-09,48,93.8
2021-02-10,1,93.8
2021-02-10,2,93.8
2021-02-10,3,93.8
2021-02-10,11,96.0
2021-02-10,17,96.0
2021-02-10,18,96.0
2021-02-10,42,87.48750000000001
2021-02-18,19,31.11
2021-02-19,16,50.0
2021-02-19,17,50.0
2021-02-19,18,50.0
2021-03-02,13,83.19
2021-03-02,14,90.87
2021-03-02,15,83.29
2021-03-02,16,94.0
2021-03-02,19,119.88
2021-03-02,20,119.96
2021-03-02,21,119.73
2021-03-03,17,106.07
2021-03-03,20,129.94
2021-03-03,21,121.78999999999999
2021-03-03,22,117.86
2021-03-03,23,129.125
2021-03-03,24,105.175
2021-03-03,25,154.495
2021-03-03,26,174.475
2021-03-03,27,149.0
2021-03-03,30,104.945
2021-03-03,31,101.46
2021-03-03,32,101.46
2021-03-03,39,108.43
2021-03-03,40,119.40333333333335
2021-03-03,41,130.49
2021-03-03,44,119.61500000000001
2021-03-03,45,124.4
2021-03-09,47,-48.57
2021-03-09,48,-48.11
2021-03-10,16,83.31
2021-03-10,21,82.78
2021-03-12,22,6.47
2021-03-12,23,5.4
2021-03-17,19,80.0
2021-03-17,20,80.0
2021-03-17,25,89.0
2021-03-24,37,53.85
2021-03-24,38,68.91
2021-03-25,26,-43.98
2021-03-29,23,5.43
2021-03-29,24,43.0
2021-03-29,28,-27.77
2021-03-31,43,10.0
2021-04-01,2,33.11
2021-04-06,36,89.89
2021-04-06,37,89.89
2021-04-06,38,89.89
2021-04-06,39,89.89
2021-04-06,40,89.89
2021-04-06,41,89.89
2021-04-06,43,89.89
2021-04-06,44,89.89
2021-04-07,24,96.0
2021-04-07,25,96.0
2021-04-07,34,105.0
2021-04-08,18,99.0
2021-04-08,19,92.8
2021-04-08,20,92.8
2021-04-08,22,45.75
2021-04-08,39,89.79
2021-04-08,40,89.79
2021-04-08,41,89.79
2021-04-08,42,89.79
2021-04-08,43,89.79
2021-04-09,19,92.99
2021-04-09,20,92.99
2021-04-09,21,92.99
2021-04-09,22,92.99
2021-04-09,23,92.99
2021-04-09,24,92.99
2021-04-09,25,92.99
2021-04-09,26,92.99
2021-04-09,27,92.99
2021-04-09,28,92.99
2021-04-10,39,98.0
2021-04-10,40,98.0
2021-04-10,41,98.0
2021-04-10,42,92.0
2021-04-10,43,92.0
2021-04-10,44,92.0
2021-04-11,26,89.98
2021-04-11,27,89.98
2021-04-11,28,89.98
2021-04-11,29,10.0
2021-04-12,10,95.85
2021-04-12,11,97.48
2021-04-12,12,97.48
2021-04-12,18,390.0
2021-04-14,37,129.99
2021-04-15,33,123.99
2021-04-15,34,119.99
2021-04-15,35,119.99
2021-04-16,15,119.99
2021-04-16,43,119.99
2021-04-16,44,119.99
2021-04-17,15,119.99
2021-04-18,36,104.9
2021-04-18,37,104.9
2021-04-18,38,104.9
2021-04-19,41,104.9
2021-04-19,42,104.9
2021-04-19,43,104.9
2021-04-20,33,104.79
2021-04-20,34,104.79
2021-04-20,35,104.79
2021-04-20,36,104.79
2021-04-21,34,96.99
2021-04-21,35,96.99
2021-04-21,36,96.99
2021-04-21,37,96.99
2021-04-21,38,96.99
2021-04-21,42,96.99
2021-04-21,43,96.99
2021-04-21,44,96.99
2021-04-22,15,103.0
2021-04-22,16,103.0
2021-04-22,17,103.0
2021-04-22,18,103.0
2021-04-22,19,103.0
2021-04-22,20,103.0
2021-04-23,42,94.0
2021-04-23,43,94.0
2021-04-23,44,94.0
2021-04-24,17,94.0
2021-04-24,18,94.0
2021-04-24,19,94.0
2021-04-24,20,94.0
2021-04-24,22,94.0
2021-04-24,23,94.0
2021-04-24,37,96.99
2021-04-24,38,96.99
2021-04-24,39,96.99
2021-04-24,40,96.99
2021-04-24,41,96.99
2021-04-24,42,93.2
2021-04-24,43,96.99
2021-04-24,44,96.99
2021-04-25,20,94.0
2021-04-25,21,94.0
2021-04-25,22,94.0
2021-04-25,23,94.0
2021-04-25,24,97.0
2021-04-25,25,97.0
2021-04-25,26,97.0
2021-04-25,27,97.0
2021-04-25,28,94.0
2021-04-26,18,94.0
2021-04-26,35,98.99
2021-04-26,36,98.99
2021-04-26,37,98.99
2021-04-26,38,98.99
2021-04-26,42,98.99
2021-04-26,43,98.99
2021-04-27,25,98.99
2021-04-27,26,98.99
2021-04-27,27,98.99
2021-04-27,28,98.99
2021-04-27,29,98.99
2021-04-27,30,98.99
2021-04-27,31,98.99
2021-04-27,32,98.99
2021-04-27,33,98.99
2021-04-27,34,98.99
2021-04-27,35,98.99
2021-04-27,36,98.99
2021-04-28,16,98.99
2021-04-28,17,98.99
2021-04-28,33,98.99
2021-04-28,34,98.99
2021-04-28,40,103.99
2021-04-28,41,103.99
2021-04-28,42,103.99
2021-04-29,15,103.99
2021-04-29,16,103.99
2021-04-29,17,103.99
2021-04-29,18,102.99
2021-04-29,19,102.99
2021-04-29,20,102.99
2021-04-29,21,102.99
2021-04-29,22,102.99
2021-04-29,23,102.99
2021-04-29,24,102.99
2021-04-29,25,102.99
2021-04-30,21,119.99
2021-05-01,17,99.0
2021-05-01,18,110.0
2021-05-01,19,110.0
2021-05-01,20,99.8
2021-05-09,15,0.38
2021-05-09,36,-19.52
2021-05-19,29,70.29
2021-05-21,23,-43.67
2021-05-25,31,107.95
2021-05-25,32,108.0
2021-05-25,34,104.0
2021-05-25,35,105.0
2021-06-09,32,90.0
2021-06-09,33,90.0
2021-06-09,34,90.0
2021-06-14,28,104.0
2021-06-14,29,104.0
2021-06-14,30,104.0
2021-06-14,31,107.99
2021-06-14,39,107.99
2021-06-14,40,107.99
2021-06-14,41,107.99
2021-06-15,16,107.99
2021-06-15,17,107.99
2021-06-15,34,139.0
2021-06-15,35,139.0
2021-06-15,39,139.0
2021-06-30,15,110.95
2021-06-30,16,110.95
2021-06-30,17,110.07666666666667
2021-06-30,18,109.64
2021-06-30,19,109.64
2021-06-30,23,124.0
2021-06-30,24,124.0
2021-06-30,25,124.0
2021-06-30,26,124.0
2021-06-30,28,127.0
2021-07-01,17,127.99
2021-07-01,18,127.99
2021-07-01,19,127.99
2021-07-01,20,127.99
2021-07-01,21,127.99
2021-07-01,22,127.99
2021-07-01,23,127.99
2021-07-01,36,127.95
2021-07-01,37,127.95
2021-07-01,38,127.95
2021-07-01,40,127.95
2021-07-01,41,127.95
2021-07-02,15,127.95
2021-07-02,17,127.95
2021-07-02,22,127.95
2021-07-02,23,127.95
2021-07-02,24,127.95
2021-07-02,25,127.95
2021-07-02,26,127.95
2021-07-03,16,127.95
2021-07-03,17,127.95
2021-07-03,18,127.95
2021-07-03,19,127.95
2021-07-03,21,127.95
2021-07-03,22,127.95
2021-07-03,23,127.95
2021-07-03,24,127.95
2021-07-03,25,127.95
2021-07-03,36,127.95
2021-07-03,37,127.95
2021-07-03,38,127.95
2021-07-03,39,127.95
2021-07-03,40,127.95
2021-07-03,41,127.95
2021-07-04,33,127.95
2021-07-04,34,127.95
2021-07-04,35,127.95
2021-07-04,36,127.95
2021-07-04,37,127.95
2021-07-04,38,127.95
2021-07-05,32,127.95
2021-07-05,33,127.95
2021-07-05,34,127.95
2021-07-05,35,127.95
2021-07-05,36,127.89
2021-07-05,37,127.89
2021-07-05,38,127.89
2021-07-05,39,127.89
2021-07-05,40,127.89
2021-07-05,44,26.0
2021-07-06,19,127.89
2021-07-06,20,127.89
2021-07-06,33,63.0
2021-07-07,20,129.95
2021-07-07,21,129.95
2021-07-07,22,129.95
2021-07-07,23,129.95
2021-07-07,24,129.95
2021-07-07,25,129.95
2021-07-07,35,129.95
2021-07-07,36,129.95
2021-07-07,37,129.95
2021-07-08,41,129.95
2021-07-08,42,129.95
2021-07-08,43,129.95
2021-07-08,44,129.95
2021-07-09,15,129.95
2021-07-09,16,129.95
2021-07-09,17,129.95
2021-07-09,18,129.95
2021-07-09,19,129.95
2021-07-09,20,129.95
2021-07-09,21,129.95
2021-07-09,32,131.9
2021-07-09,33,131.9
2021-07-09,34,131.9
2021-07-09,35,131.9
2021-07-09,41,131.9
2021-07-09,42,131.9
2021-07-09,43,131.9
2021-07-09,44,131.9
2021-07-10,15,131.9
2021-07-10,16,131.9
2021-07-10,17,131.9
2021-07-10,18,131.9
2021-07-10,19,131.9
2021-07-10,20,131.9
2021-07-10,21,131.9
2021-07-10,22,131.9
2021-07-10,23,131.9
2021-07-10,24,131.9
2021-07-10,25,131.9
2021-07-11,16,131.9
2021-07-11,17,131.9
2021-07-11,18,131.9
2021-07-11,19,131.9
2021-07-11,20,131.9
2021-07-11,23,131.9
2021-07-11,24,131.9
2021-07-11,25,131.9
2021-07-11,26,131.9
2021-07-11,27,131.9
2021-07-11,28,131.9
2021-07-11,29,131.9
2021-07-11,30,131.9
2021-07-11,31,131.9
2021-07-12,18,131.9
2021-07-12,19,131.9
2021-07-12,20,131.9
2021-07-12,21,131.9
2021-07-12,22,131.9
2021-07-12,23,131.9
2021-07-12,25,131.9
2021-07-12,26,131.9
2021-07-12,27,131.9
2021-07-12,28,131.9
2021-07-12,29,131.9
2021-07-13,15,131.9
2021-07-13,16,131.9
2021-07-13,17,131.9
2021-07-13,18,131.9
2021-07-13,19,131.9
2021-07-13,20,131.9
2021-07-13,21,131.9
2021-07-13,22,131.9
2021-07-13,23,131.9
2021-07-13,24,131.9
2021-07-14,15,131.9
2021-07-14,16,131.9
2021-07-14,17,131.9
2021-07-15,20,131.9
2021-07-15,21,131.9
2021-07-15,22,131.9
2021-07-15,23,131.9
2021-07-16,25,130.99
2021-07-16,26,129.99
2021-07-16,33,129.99
2021-07-16,34,129.99
2021-07-16,35,129.99
2021-07-16,36,129.99
2021-07-16,37,129.99
2021-07-16,38,129.99
2021-07-16,39,129.99
2021-07-16,40,129.99
2021-07-16,41,129.99
2021-07-16,42,129.99
2021-07-16,43,129.99
2021-07-17,15,129.99
2021-07-17,16,129.99
2021-07-17,17,129.99
2021-07-17,18,129.99
2021-07-17,19,129.99
2021-07-17,20,129.99
2021-07-17,21,129.99
2021-07-17,22,129.99
2021-07-17,23,129.99
2021-07-17,24,129.99
2021-07-17,25,129.99
2021-07-17,26,129.99
2021-07-17,27,129.99
2021-07-17,28,129.99
2021-07-17,33,129.99
2021-07-17,34,129.99
2021-07-17,35,129.99
2021-07-18,21,128.99
2021-07-18,22,128.99
2021-07-18,23,128.99
2021-07-18,24,128.99
2021-07-18,35,128.99
2021-07-18,36,128.99
2021-07-18,37,128.99
2021-07-19,17,128.99
2021-07-19,18,128.99
2021-07-19,19,128.99
2021-07-19,20,128.99
2021-07-19,21,128.99
2021-07-19,22,128.99
2021-07-19,23,128.99
2021-07-19,24,128.99
2021-07-19,25,128.99
2021-07-19,26,130.94
2021-07-19,27,130.94
2021-07-20,29,133.99
2021-07-20,30,133.99
2021-07-21,16,138.0
2021-07-21,17,138.0
2021-07-21,18,138.0
2021-07-21,23,136.0
2021-07-21,24,136.0
2021-07-21,27,136.0
2021-07-21,28,136.0
2021-07-22,15,138.0
2021-07-22,16,138.0
2021-07-22,17,138.0
2021-07-22,18,138.0
2021-07-22,19,138.0
2021-07-23,17,138.0
2021-07-23,18,130.0
2021-07-23,19,130.0
2021-07-23,20,130.0
2021-07-23,21,130.0
2021-07-23,22,130.0
2021-07-23,23,132.0
2021-07-24,19,134.95
2021-07-24,20,134.95
2021-07-24,21,134.95
2021-07-24,22,134.95
2021-07-25,25,134.9
2021-07-25,26,134.9
2021-07-25,27,134.9
2021-07-25,28,134.9
2021-07-25,29,134.9
2021-07-25,41,134.9
2021-07-25,42,134.9
2021-07-25,43,134.9
2021-07-25,44,134.9
2021-07-27,17,137.99
2021-07-27,32,141.0
2021-07-27,33,141.0
2021-07-27,34,141.0
2021-07-27,35,141.0
2021-07-27,38,141.0
2021-07-27,39,141.0
2021-07-27,40,141.0
2021-07-29,16,9.85
2021-07-29,24,133.49
2021-07-29,25,133.49
2021-07-29,26,133.49
2021-07-29,27,133.49
2021-07-29,37,136.99
2021-07-29,38,136.99
2021-07-29,39,136.99
2021-07-30,23,136.99
2021-07-30,24,136.99
2021-07-30,25,136.99
2021-07-31,14,138.99
2021-07-31,15,138.99
2021-07-31,16,138.99
2021-07-31,17,138.99
2021-07-31,18,138.99
2021-07-31,34,138.99
2021-07-31,35,138.99
2021-07-31,36,138.99
2021-07-31,37,138.99
2021-07-31,38,138.99
2021-07-31,39,138.99
2021-07-31,40,138.99
2021-08-01,18,138.99
2021-08-01,19,138.99
2021-08-01,20,138.99
2021-08-01,21,138.99
2021-08-01,22,138.99
2021-08-01,23,138.99
2021-08-01,24,138.99
2021-08-01,25,138.99
2021-08-01,26,138.99
2021-08-01,27,138.99
2021-08-01,42,138.99
2021-08-01,43,138.99
2021-08-01,44,138.99
2021-08-01,45,138.99
2021-08-02,14,138.99
2021-08-02,15,138.99
2021-08-02,16,138.99
2021-08-02,34,140.99
2021-08-02,43,140.99
2021-08-02,44,140.99
2021-08-02,45,140.99
2021-08-03,34,144.99
2021-08-03,35,144.99
2021-08-03,36,144.99
2021-08-04,12,63.0
2021-08-04,37,143.99
2021-08-04,38,143.99
2021-08-05,23,66.33
2021-08-06,37,140.99
2021-08-06,38,140.99
2021-08-06,39,140.99
2021-08-06,40,140.99
2021-08-06,41,140.99
2021-08-06,42,140.99
2021-08-06,43,140.99
2021-08-06,44,140.99
2021-08-07,13,140.99
2021-08-07,14,140.99
2021-08-07,18,140.99
2021-08-07,19,132.745
2021-08-07,20,140.99
2021-08-07,21,140.99
2021-08-07,22,140.99
2021-08-07,23,140.99
2021-08-07,24,140.99
2021-08-07,25,140.99
2021-08-07,26,140.99
2021-08-07,35,140.99
2021-08-07,36,140.99
2021-08-07,37,140.99
2021-08-07,38,140.99
2021-08-08,20,140.99
2021-08-08,21,140.99
2021-08-08,22,140.99
2021-08-08,23,140.99
2021-08-08,24,140.99
2021-08-08,25,140.99
2021-08-08,26,140.99
2021-08-08,27,140.99
2021-08-08,43,140.99
2021-08-08,44,140.99
2021-08-09,36,143.99
2021-08-09,37,143.99
2021-08-09,38,143.99
2021-08-09,39,143.99
2021-08-09,40,143.99
2021-08-09,41,143.99
2021-08-09,42,143.99
2021-08-09,43,143.99
2021-08-09,44,143.99
2021-08-10,13,143.99
2021-08-10,14,149.99
2021-08-10,15,149.99
2021-08-10,16,149.99
2021-08-10,17,149.99
2021-08-10,18,149.99
2021-08-10,19,149.99
2021-08-10,20,149.99
2021-08-10,21,144.99
2021-08-10,31,105.0
2021-08-10,35,144.99
2021-08-10,36,144.99
2021-08-10,37,144.99
2021-08-10,38,147.495
2021-08-10,39,147.495
2021-08-10,40,150.0
2021-08-10,41,150.0
2021-08-11,15,144.99
2021-08-11,16,144.99
2021-08-11,17,144.99
2021-08-11,18,144.99
2021-08-11,19,144.99
2021-08-11,20,144.99
2021-08-11,38,144.99
2021-08-11,39,144.99
2021-08-11,40,144.99
2021-08-11,41,144.99
2021-08-11,42,144.99
2021-08-11,43,144.99
2021-08-11,44,144.99
2021-08-12,16,144.99
2021-08-12,17,144.99
2021-08-12,18,144.99
2021-08-12,40,144.99
2021-08-12,41,144.99
2021-08-12,42,144.99
2021-08-12,43,144.99
2021-08-12,44,144.99
2021-08-13,38,144.99
2021-08-13,39,144.99
2021-08-13,40,144.99
2021-08-13,41,144.99
2021-08-13,42,144.99
2021-08-13,43,144.99
2021-08-13,44,144.99
2021-08-14,13,144.99
2021-08-14,14,144.99
2021-08-14,15,144.99
2021-08-14,16,144.99
2021-08-14,17,144.99
2021-08-14,18,144.99
2021-08-14,19,144.99
2021-08-14,20,144.99
2021-08-14,21,144.99
2021-08-14,22,144.99
2021-08-14,23,144.99
2021-08-14,35,144.99
2021-08-14,36,144.99
2021-08-14,37,144.99
2021-08-15,16,144.99
2021-08-15,17,144.99
2021-08-15,18,144.99
2021-08-15,29,144.99
2021-08-15,30,144.99
2021-08-15,33,144.99
2021-08-15,34,144.99
2021-08-15,35,144.99
2021-08-15,36,144.99
2021-08-16,19,144.99
2021-08-16,20,144.99
2021-08-16,21,144.99
2021-08-16,22,144.99
2021-08-16,23,144.99
2021-08-16,24,144.99
2021-08-16,25,144.99
2021-08-16,26,144.99
2021-08-16,27,144.99
2021-08-16,28,144.99
2021-08-16,29,149.0
2021-08-16,38,149.0
2021-08-16,39,149.0
2021-08-17,18,149.0
2021-08-17,19,149.0
2021-08-17,20,149.0
2021-08-17,21,149.0
2021-08-17,22,149.0
2021-08-17,23,148.99
2021-08-17,39,148.99
2021-08-17,40,148.99
2021-08-17,42,148.99
2021-08-17,43,148.99
2021-08-17,44,148.99
2021-08-18,17,148.99
2021-08-18,18,148.99
2021-08-18,19,148.99
2021-08-18,20,148.99
2021-08-18,21,148.99
2021-08-18,22,148.99
2021-08-18,23,148.99
2021-08-18,24,148.99
2021-08-18,32,155.0
2021-08-18,33,149.99
2021-08-18,34,149.99
2021-08-18,35,149.99
2021-08-18,36,149.99
2021-08-18,37,149.99
2021-08-19,39,155.0
2021-08-19,40,155.0
2021-08-19,41,155.0
2021-08-19,42,155.0
2021-08-20,16,155.0
2021-08-20,17,155.0
2021-08-20,18,155.0
2021-08-20,19,155.0
2021-08-20,20,155.0
2021-08-20,21,155.0
2021-08-20,22,155.0
2021-08-20,23,155.0
2021-08-20,24,155.0
2021-08-20,25,155.0
2021-08-20,26,155.0
2021-08-20,27,155.0
2021-08-20,28,155.0
2021-08-20,29,155.0
2021-08-20,30,155.0
2021-08-21,18,155.0
2021-08-21,19,155.0
2021-08-21,20,149.45
2021-08-21,21,149.45
2021-08-21,22,149.45
2021-08-21,29,53.015
2021-08-21,39,153.99
2021-08-21,40,153.99
2021-08-22,17,153.99
2021-08-22,18,153.99
2021-08-22,19,153.99
2021-08-22,21,153.99
2021-08-22,22,153.99
2021-08-22,23,153.99
2021-08-22,24,153.99
2021-08-22,35,153.99
2021-08-22,36,153.99
2021-08-23,17,153.98
2021-08-23,18,153.98
2021-08-23,19,153.95
2021-08-23,20,153.95
2021-08-23,21,153.95
2021-08-24,16,154.99
2021-08-24,17,154.99
2021-08-24,18,156.99
2021-08-25,20,152.0
2021-08-25,21,152.0
2021-08-25,22,152.0
2021-08-25,23,152.0
2021-08-25,24,152.0
2021-08-25,25,152.0
2021-08-25,26,152.0
2021-08-25,27,152.0
2021-08-25,28,152.0
2021-08-25,35,154.0
2021-08-25,36,154.0
2021-08-25,37,154.0
2021-08-25,39,154.0
2021-08-25,40,154.0
2021-08-27,35,153.45
2021-08-27,36,153.45
2021-08-27,37,153.45
2021-08-27,38,153.45
2021-08-27,39,153.45
2021-08-27,40,153.45
2021-08-27,41,153.45
2021-08-27,42,153.45
2021-08-27,43,153.45
2021-08-27,44,153.45
2021-08-28,42,152.47
2021-08-28,43,152.47
2021-08-29,19,152.47
2021-08-29,20,152.47
2021-08-29,21,152.47
2021-08-29,22,152.47
2021-08-29,23,152.47
2021-08-29,24,152.47
2021-08-29,25,154.0
2021-08-29,26,154.0
2021-08-29,27,154.0
2021-08-29,28,156.0
2021-08-29,29,156.0
2021-08-30,19,158.0
2021-08-30,20,158.0
2021-08-30,21,158.0
2021-08-30,24,158.0
2021-08-30,25,158.0
2021-08-30,26,157.98
2021-08-30,27,157.98
2021-08-30,28,157.98
2021-08-31,17,157.98
2021-08-31,30,158.0
2021-08-31,31,158.0
2021-08-31,32,158.0
2021-08-31,33,158.0
2021-08-31,34,158.0
2021-08-31,35,158.0
2021-09-01,15,157.98
2021-09-01,16,157.98
2021-09-01,17,157.98
2021-09-01,18,157.98
2021-09-01,19,157.98
2021-09-01,20,157.98
2021-09-01,43,168.86
2021-09-01,44,168.86
2021-09-02,15,170.0
2021-09-02,16,170.0
2021-09-02,17,170.0
2021-09-05,34,174.99
2021-09-05,43,174.99
2021-09-05,44,174.99
2021-09-08,20,223.0
2021-09-08,21,223.0
2021-09-08,22,223.0
2021-09-08,23,223.0
2021-09-09,17,200.0
2021-09-10,15,390.0
2021-09-10,16,390.0
2021-09-10,17,390.0
2021-09-10,23,648.69
2021-09-10,24,648.69
2021-09-10,25,648.69
2021-09-11,35,240.0
2021-09-11,36,240.0
2021-09-11,37,240.0
2021-09-12,33,224.0
2021-09-12,43,224.0
2021-09-12,44,224.0
2021-09-14,22,478.0
2021-09-16,32,347.99
2021-09-17,43,283.0
2021-09-17,44,283.0
2021-09-19,42,246.99
2021-09-19,43,246.99
2021-09-22,15,278.0
2021-09-22,16,278.0
2021-09-22,17,278.0
2021-09-22,18,278.0
2021-09-23,32,239.0
2021-09-23,33,239.0
2021-09-23,34,239.0
2021-09-24,15,239.0
2021-09-24,16,239.0
2021-09-24,17,239.0
2021-09-24,34,238.89
2021-09-24,35,238.89
2021-09-24,36,238.89
2021-09-25,17,238.89
2021-09-25,18,238.89
2021-09-25,19,239.0
2021-09-25,20,238.89
2021-09-25,21,238.89
2021-09-25,22,238.89
2021-09-25,23,238.89
2021-09-25,24,228.97
2021-09-25,25,228.97
2021-09-25,26,228.97
2021-09-25,41,238.0
2021-09-28,32,219.99
2021-09-28,33,219.99
2021-09-28,34,219.99
2021-09-28,35,219.99
2021-09-28,36,219.99
2021-09-30,38,244.99
2021-09-30,39,244.99
2021-09-30,40,244.99
2021-09-30,41,244.99
2021-10-01,8,15.0
2021-10-02,14,234.65
2021-10-02,15,233.76
2021-10-03,36,249.0
2021-10-06,16,247.22
2021-10-06,17,224.88
2021-10-06,19,308.0
2021-10-06,38,270.51
2021-10-07,11,49.92
2021-10-09,11,59.96
2021-10-09,12,59.96
2021-10-11,27,103.58
2021-10-24,9,90.0
2021-10-29,2,89.96
2021-10-31,35,50.0
2021-11-02,14,220.5
2021-11-02,15,220.5
2021-11-03,16,294.03
2021-11-03,17,294.03
2021-11-03,20,248.0
2021-11-03,21,248.0
2021-11-03,22,248.0
2021-11-03,26,296.42
2021-11-03,27,295.93
2021-11-05,6,252.39
2021-11-05,7,252.39
2021-11-05,14,177.5
2021-11-06,20,177.5
2021-11-06,21,177.5
2021-11-07,34,450.0
2021-11-07,35,450.0
2021-11-09,37,294.75
2021-11-09,38,294.75
2021-11-10,15,250.0
2021-11-10,16,250.0
2021-11-10,17,230.83666666666667
2021-11-10,18,240.67666666666665
2021-11-10,19,256.10999999999996
2021-11-10,20,242.25666666666666
2021-11-10,21,241.5922222222222
2021-11-10,22,228.44
2021-11-10,23,250.0
2021-11-11,28,253.04
2021-11-11,29,252.34
2021-11-11,31,250.0
2021-11-11,32,248.325
2021-11-11,33,248.325
2021-11-11,34,246.65
2021-11-15,19,296.72
2021-11-15,20,296.57
2021-11-17,33,250.0
2021-11-17,34,250.0
2021-11-18,16,256.3333333333333
2021-11-18,17,256.3333333333333
2021-11-18,31,260.0
2021-11-18,32,260.0
2021-11-18,33,260.0
2021-11-18,34,260.0
2021-11-18,35,260.0
2021-11-19,24,259.5
2021-11-19,25,260.0
2021-11-22,15,177.5
2021-11-22,16,177.5
2021-11-22,31,254.03500000000003
2021-11-22,38,240.9
2021-11-22,43,220.0
2021-11-26,20,270.0
2021-11-26,21,270.0
2021-11-26,22,270.0
2021-11-27,19,223.75
2021-11-27,20,223.75
2021-11-27,21,238.25
2021-11-27,22,238.25
2021-11-28,34,350.0
2021-11-28,37,299.0
2021-11-28,38,299.0
2021-11-29,17,449.3333333333333
2021-11-29,18,449.3333333333333
2021-11-29,19,499.0
2021-11-29,20,1724.0
2021-11-29,21,874.5
2021-11-29,22,500.0
2021-11-29,23,500.0
2021-11-29,25,699.75
2021-11-29,26,744.7066666666666
2021-11-29,27,744.7233333333334
2021-11-29,28,616.765
2021-11-29,29,729.5
2021-11-30,28,273.0
2021-11-30,29,273.0
2021-12-01,33,285.0
2021-12-01,34,318.59000000000003
2021-12-01,35,340.5833333333333
2021-12-01,36,400.0
2021-12-01,37,400.0
2021-12-03,31,-125.51
2021-12-06,20,349.0
2021-12-06,21,349.0
2021-12-07,24,279.0
2021-12-07,25,284.0
2021-12-07,26,289.0
2021-12-07,27,289.0
2021-12-07,36,240.0
2021-12-08,18,279.5
2021-12-08,19,279.8
2021-12-08,20,282.09666666666664
2021-12-08,21,284.182
2021-12-08,22,289.30333333333334
2021-12-08,23,286.5
2021-12-08,48,290.0
2021-12-09,1,258.0
2021-12-09,2,258.0
2021-12-09,15,350.0
2021-12-09,19,350.0
2021-12-09,21,350.0
2021-12-09,22,350.0
2021-12-09,26,350.0
2021-12-10,1,130.0
2021-12-10,7,91.25
2021-12-10,8,175.0
2021-12-10,31,300.0
2021-12-10,32,301.73400000000004
2021-12-10,33,309.73400000000004
2021-12-11,22,294.0
2021-12-11,23,294.0
2021-12-11,33,260.89
2021-12-13,18,364.0
2021-12-13,19,344.99
2021-12-13,20,344.66
2021-12-13,33,391.775
2021-12-14,16,317.52
2021-12-14,17,302.06399999999996
2021-12-14,18,320.01599999999996
2021-12-14,19,328.2
2021-12-14,20,340.6666666666667
2021-12-14,21,346.0
2021-12-15,15,222.0
2021-12-15,16,222.0
2021-12-17,18,596.14
2021-12-17,19,542.94
2021-12-17,33,408.45
2021-12-17,34,491.11
2021-12-18,9,177.5
2021-12-18,10,177.5
2021-12-18,11,177.5
2021-12-18,20,400.0
2021-12-18,21,400.0
2021-12-18,22,400.0
2021-12-18,34,407.65
2021-12-18,35,407.65
2021-12-19,34,407.1166666666666
2021-12-20,25,457.53
2021-12-20,26,457.53
2021-12-21,20,449.488
2021-12-21,21,437.14285714285717
2021-12-21,22,437.14285714285717
2021-12-21,23,435.0
2021-12-21,24,435.0
2021-12-22,23,480.0
2021-12-22,24,480.0
2021-12-22,25,480.0
2021-12-22,26,480.0
2021-12-24,14,177.5
2021-12-24,15,177.5
2021-12-24,17,297.3333333333333
2021-12-24,18,296.5
2021-12-24,19,297.3333333333333
2021-12-24,20,297.3333333333333
2021-12-24,21,339.0
2021-12-24,22,339.0
2021-12-24,24,345.6666666666667
2021-12-27,30,250.0
2021-12-27,31,250.0
2021-12-27,33,250.0
2021-12-27,34,250.0
2021-12-29,22,276.804
2021-12-29,23,276.914
2022-01-02,34,149.0
2022-01-02,35,149.0
2022-01-05,28,257.46
2022-01-05,33,273.07
2022-01-06,18,268.0
2022-01-06,19,268.0
2022-01-07,27,250.0
2022-01-07,28,256.6666666666667
2022-01-07,29,270.0
2022-01-08,24,250.0
2022-01-08,25,250.0
2022-01-11,47,269.04
2022-01-12,1,200.0
2022-01-12,2,252.125
2022-01-12,15,214.65
2022-01-12,28,282.11
2022-01-12,29,282.11
2022-01-13,33,278.0
2022-01-15,19,270.5
2022-01-15,20,272.5
2022-01-15,21,274.0
2022-01-15,34,310.5
2022-01-15,35,310.5
2022-01-15,36,329.0
2022-01-19,16,273.75
2022-01-19,17,287.22
2022-01-19,19,260.75
2022-01-19,20,250.0
2022-01-19,23,262.6
2022-01-19,26,269.2475
2022-01-19,27,269.25
2022-01-19,28,269.99
2022-01-19,34,269.99
2022-01-20,18,268.0
2022-01-20,19,268.75
2022-01-20,20,269.5
2022-01-20,21,269.5
2022-01-20,22,268.0
2022-01-20,23,299.0
2022-01-21,34,261.0
2022-01-21,35,261.0
2022-01-21,36,261.0
2022-01-23,10,250.81333333333336
2022-01-23,11,250.70333333333335
2022-01-23,43,257.99
2022-01-23,47,263.27
2022-01-24,21,471.615
2022-01-24,22,499.07000000000005
2022-01-25,18,319.32
2022-01-25,25,594.73
2022-01-26,15,298.61
2022-01-26,16,308.64
2022-01-26,21,284.0
2022-01-26,22,284.3333333333333
2022-01-26,23,284.5
2022-01-27,21,274.9
2022-01-27,22,274.9
2022-01-27,23,274.9
2022-01-28,1,239.2325
2022-01-28,2,253.04
2022-01-28,15,249.58
2022-01-30,17,277.25
2022-01-30,18,277.25
2022-01-30,19,277.5
2022-01-31,33,259.0
2022-01-31,34,259.0
2022-02-02,12,256.0
2022-02-02,13,256.0
2022-02-02,14,254.0
2022-02-02,15,253.0
2022-02-02,16,243.885
2022-02-02,17,211.4525
2022-02-02,22,266.6666666666667
2022-02-02,23,265.0
2022-02-03,34,247.25
2022-02-03,35,240.51
2022-02-03,36,240.0
2022-02-04,20,249.5
2022-02-04,21,249.5
2022-02-04,22,249.5
2022-02-05,14,246.0
2022-02-05,15,246.0
2022-02-07,15,255.875
2022-02-07,16,252.0
2022-02-07,17,252.0
2022-02-07,18,252.0
2022-02-07,21,250.0
2022-02-07,22,250.0
2022-02-07,36,242.975
2022-02-07,37,239.98
2022-02-07,38,239.98
2022-02-08,22,220.0
2022-02-09,30,228.5
2022-02-09,31,198.75
2022-02-09,32,210.67
2022-02-09,33,228.84
2022-02-09,34,260.0
2022-02-09,35,258.3333333333333
2022-02-09,36,266.62333333333333
2022-02-09,37,260.0
2022-02-09,39,260.0
2022-02-10,34,239.0
2022-02-10,35,239.0
2022-02-10,36,239.32333333333335
2022-02-10,37,238.99
2022-02-10,40,255.0
2022-02-10,41,255.0
2022-02-11,16,237.0
2022-02-11,32,234.56333333333336
2022-02-11,33,229.69
2022-02-11,35,231.814
2022-02-11,36,230.76749999999998
2022-02-11,37,229.26749999999998
2022-02-11,38,229.12666666666667
2022-02-11,40,229.69
2022-02-11,41,229.69
2022-02-12,37,229.0
2022-02-12,38,229.0
2022-02-14,16,208.07000000000002
2022-02-14,17,218.145
2022-02-14,18,229.255
2022-02-14,19,225.0
2022-02-14,36,228.12666666666667
2022-02-15,18,223.0
2022-02-15,19,224.0
2022-02-15,22,222.0
2022-02-15,23,223.33333333333334
2022-02-15,24,224.0
2022-02-16,26,209.5
2022-02-16,27,209.5
2022-02-16,28,209.5
2022-02-16,39,228.0
2022-02-16,40,228.0
2022-02-16,44,220.0
2022-02-16,45,220.0
2022-02-17,40,227.0
2022-02-17,41,227.0
2022-02-18,3,231.33333333333334
2022-02-18,4,233.5
2022-02-20,21,225.0
2022-02-20,22,225.0
2022-02-20,24,225.0
2022-02-20,25,225.0
2022-02-20,26,225.0
2022-02-20,27,248.0
2022-02-22,10,201.84
2022-02-22,17,238.0
2022-02-22,18,238.0
2022-02-22,19,238.0
2022-02-23,2,235.0
2022-02-23,3,235.0
2022-02-23,14,238.33333333333334
2022-02-23,15,237.4975
2022-02-23,16,237.495
2022-02-23,17,236.66333333333333
2022-02-23,18,238.33
2022-02-23,22,240.0
2022-02-23,23,229.99666666666667
2022-02-23,24,240.0
2022-02-23,37,240.0
2022-02-23,38,240.0
2022-02-24,14,242.0
2022-02-24,15,242.165
2022-02-24,16,240.796
2022-02-24,17,245.4975
2022-02-24,18,240.0
2022-02-24,19,284.84499999999997
2022-02-24,20,353.18666666666667
2022-02-24,28,255.64
2022-02-24,35,398.0
2022-02-26,32,330.0
2022-02-26,33,330.0
2022-02-26,34,330.0
2022-02-27,34,254.68
2022-02-27,35,277.34000000000003
2022-02-27,36,277.34000000000003
2022-02-27,37,277.34000000000003
2022-02-27,41,250.0
2022-02-27,42,250.0
2022-03-01,27,176.875
2022-03-01,28,176.875
2022-03-01,32,359.0
2022-03-01,33,359.0
2022-03-01,34,329.71
2022-03-02,15,343.7075
2022-03-02,16,343.40250000000003
2022-03-02,17,344.0
2022-03-02,18,344.0
2022-03-02,20,233.33
2022-03-02,21,349.0
2022-03-03,13,489.0
2022-03-03,14,489.0
2022-03-03,15,432.0
2022-03-03,16,488.0
2022-03-03,17,488.5
2022-03-03,18,488.5
2022-03-03,19,496.25
2022-03-03,20,496.0
2022-03-03,21,498.0
2022-03-03,22,518.0
2022-03-03,34,574.5
2022-03-03,35,587.5
2022-03-04,35,330.44
2022-03-06,25,428.0
2022-03-06,26,428.0
2022-03-06,35,478.9
2022-03-07,19,499.68285714285713
2022-03-08,13,615.0
2022-03-08,14,615.0
2022-03-08,30,396.34
2022-03-10,15,534.255
2022-03-10,16,515.74
2022-03-10,17,517.6866666666666
2022-03-10,34,519.99
2022-03-10,35,370.0
2022-03-10,37,509.0
2022-03-10,38,509.0
2022-03-10,39,519.99
2022-03-10,40,519.99
2022-03-11,25,419.9075
2022-03-11,26,440.33500000000004
2022-03-11,27,480.0
2022-03-11,36,424.15
2022-03-11,37,454.07
2022-03-13,26,295.7033333333333
2022-03-13,27,319.0
2022-03-14,12,434.91
2022-03-15,15,320.0
2022-03-15,34,365.0
2022-03-16,21,318.49
2022-03-16,22,322.62
2022-03-22,11,259.21
2022-03-24,14,323.33
2022-03-24,26,321.36
2022-03-27,16,303.92333333333335
2022-03-27,17,319.62
2022-03-29,20,355.0
2022-03-29,21,355.0
2022-03-29,26,363.11
2022-03-29,27,347.62
2022-03-30,15,349.0
2022-03-30,16,353.0
2022-03-30,17,355.0
2022-03-30,19,355.0
2022-03-31,40,343.6
2022-04-01,17,450.0
2022-04-01,18,450.0
2022-04-01,39,340.0
2022-04-01,40,340.0
2022-04-01,41,375.38
2022-04-02,22,337.0
2022-04-02,23,337.0
2022-04-03,16,337.6685714285714
2022-04-03,17,329.5214285714286
2022-04-03,18,330.0
2022-04-03,33,325.8533333333333
2022-04-03,34,318.65000000000003
2022-04-03,35,329.27
2022-04-03,36,310.1375
2022-04-03,37,304.37
2022-04-03,38,375.46624999999995
2022-04-03,39,352.39250000000004
2022-04-03,40,359.71000000000004
2022-04-03,41,383.58
2022-04-04,15,308.185
2022-04-04,16,336.39
2022-04-04,17,336.865
2022-04-04,18,336.33500000000004
2022-04-04,19,359.0
2022-04-05,17,298.99666666666667
2022-04-05,18,300.9775
2022-04-05,40,300.94
2022-04-05,41,312.66
2022-04-07,37,322.57
2022-04-07,38,286.33
2022-04-08,14,310.0
2022-04-08,15,310.0
2022-04-08,16,310.0
2022-04-08,17,345.0
2022-04-08,36,311.445
2022-04-08,37,300.0
2022-04-08,38,300.0
2022-04-09,14,274.4
2022-04-09,15,323.28499999999997
2022-04-09,16,322.0
2022-04-09,17,321.0
2022-04-10,23,313.4
2022-04-10,24,313.4
2022-04-10,30,294.55333333333334
2022-04-10,31,295.5725
2022-04-10,32,295.575
2022-04-10,33,279.0133333333333
2022-04-10,34,292.0
2022-04-11,33,288.86
2022-04-11,34,288.52
2022-04-11,35,289.18
2022-04-11,36,293.0
2022-04-11,37,293.0
2022-04-11,38,293.05
2022-04-11,41,292.90999999999997
2022-04-12,39,294.5
2022-04-12,40,294.5
2022-04-12,41,291.19
2022-04-13,20,305.0
2022-04-20,42,239.6
2022-04-20,43,242.05
2022-04-21,14,252.0
2022-04-21,15,252.0
2022-04-21,16,257.0
2022-04-25,22,249.0
2022-04-26,17,295.0
2022-04-27,19,240.0
2022-04-27,45,271.0
2022-04-28,9,200.0
2022-04-28,10,200.0
2022-04-28,11,200.0
2022-04-28,20,285.5
2022-04-28,21,284.2722222222222
2022-04-28,22,300.0
2022-04-28,45,285.54333333333335
2022-04-29,1,239.28
2022-04-29,2,232.2
2022-04-29,36,248.0
2022-04-29,37,248.0
2022-04-29,44,248.0
2022-04-29,45,248.0
2022-04-30,35,212.5775
2022-04-30,36,199.0
2022-04-30,42,250.0
2022-04-30,43,250.0
2022-05-02,15,177.5
2022-05-02,16,177.5
2022-05-02,17,225.24
2022-05-02,18,231.96666666666667
2022-05-02,19,230.0
2022-05-02,22,176.25
2022-05-02,23,176.25
2022-05-02,37,235.0
2022-05-03,22,243.0
2022-05-03,23,243.0
2022-05-05,12,243.0
2022-05-05,13,243.0
2022-05-05,14,243.0
2022-05-05,15,243.0
2022-05-05,16,232.72
2022-05-05,17,271.81666666666666
2022-05-05,18,243.0
2022-05-05,42,247.0
2022-05-07,43,218.0
2022-05-09,24,172.8325
2022-05-09,25,170.72
2022-05-09,26,150.24
2022-05-09,37,202.055
2022-05-09,38,203.16
2022-05-10,40,193.51
2022-05-10,41,159.63
2022-05-11,17,172.5
2022-05-11,18,196.25
2022-05-11,19,196.25
2022-05-11,20,125.0
2022-05-11,21,125.0
2022-05-12,15,180.0
2022-05-12,16,180.0
2022-05-12,23,168.56666666666666
2022-05-12,24,171.255
2022-05-13,44,174.59
2022-05-13,45,173.8
2022-05-14,40,207.28666666666666
2022-05-14,41,200.0
2022-05-14,47,200.0
2022-05-14,48,200.0
2022-05-16,13,171.07
2022-05-16,36,184.18
2022-05-16,37,199.0
2022-05-16,40,190.0
2022-05-16,41,190.0
2022-05-18,16,184.06
2022-05-18,17,236.9
2022-05-18,19,220.0
2022-05-18,20,220.0
2022-05-18,21,220.0
2022-05-19,16,196.0
2022-05-19,17,196.0
2022-05-19,18,196.0
2022-05-19,19,196.0
2022-05-20,36,186.69
2022-05-26,19,214.0
2022-05-26,20,185.0
2022-05-29,30,300.0
2022-05-30,1,209.0
2022-05-30,2,209.0
2022-05-31,20,210.0
2022-05-31,21,210.0
2022-05-31,22,210.0
2022-05-31,35,191.6
2022-06-03,16,220.0
2022-06-03,17,220.0
2022-06-09,21,220.0
2022-06-09,22,220.0
2022-06-09,23,220.0
2022-06-09,24,200.0
2022-06-09,25,200.0
2022-06-09,26,200.0
2022-06-09,27,200.0
2022-06-09,28,220.0
2022-06-13,20,220.0
2022-06-13,21,220.0
2022-06-13,22,220.0
2022-06-13,23,228.0
2022-06-13,24,228.0
2022-06-14,3,183.77
2022-06-14,4,183.48
2022-06-15,2,226.75
2022-06-15,3,190.1
2022-06-16,16,300.0
2022-06-16,17,300.0
2022-06-16,18,300.0
2022-06-16,19,300.0
2022-06-16,35,316.85
2022-06-16,36,317.03999999999996
2022-06-16,37,316.975
2022-06-16,40,294.0
2022-06-16,41,310.0
2022-06-18,20,288.71
2022-06-18,21,236.78
2022-06-22,17,250.0
2022-06-22,18,283.73
2022-06-22,19,283.435
2022-06-22,20,315.0
2022-06-22,21,315.0
2022-06-22,22,315.0
2022-06-22,23,269.01
2022-06-22,27,312.37
2022-06-22,28,269.27
2022-06-22,43,290.0
2022-06-23,17,245.0
2022-06-23,18,259.5316666666667
2022-06-23,19,245.0
2022-06-23,20,309.0
2022-06-23,21,309.0
2022-06-23,22,308.98
2022-06-23,23,288.735
2022-06-23,24,309.24
2022-06-24,4,280.14
2022-06-24,5,234.29
2022-06-24,33,297.73
2022-06-24,34,297.1
2022-06-25,43,259.3066666666667
2022-06-25,44,259.12
2022-06-25,45,250.97000000000003
2022-06-25,46,275.0
2022-06-30,32,370.0
2022-06-30,33,370.0
2022-07-02,15,243.0
2022-07-02,16,283.1
2022-07-03,15,270.0
2022-07-03,16,270.0
2022-07-04,20,261.0
2022-07-04,21,258.6666666666667
2022-07-05,21,297.62
2022-07-05,22,297.72
2022-07-06,15,348.11
2022-07-06,16,348.14
2022-07-06,18,347.77
2022-07-06,19,348.22
2022-07-07,35,298.6
2022-07-07,36,298.6
2022-07-07,38,342.5
2022-07-07,39,342.88
2022-07-07,41,514.84
2022-07-07,42,577.08
2022-07-08,19,370.0
2022-07-08,20,370.0
2022-07-08,21,370.8275
2022-07-08,22,342.84999999999997
2022-07-08,23,334.05
2022-07-08,45,371.33
2022-07-08,46,351.93
2022-07-09,17,315.0
2022-07-09,18,315.0
2022-07-09,19,315.0
2022-07-09,20,315.0
2022-07-09,21,315.0
2022-07-09,22,315.0
2022-07-11,19,304.48
2022-07-11,26,318.75
2022-07-11,27,318.85
2022-07-11,29,419.0
2022-07-11,30,419.0
2022-07-11,31,419.0
2022-07-11,32,419.0
2022-07-12,24,276.155
2022-07-12,25,309.5625
2022-07-12,26,342.73
2022-07-18,16,372.14250000000004
2022-07-18,17,372.65
2022-07-18,18,384.764
2022-07-18,20,409.5
2022-07-18,21,374.3
2022-07-19,8,374.12
2022-07-19,9,361.33000000000004
2022-07-19,10,346.0
2022-07-19,11,346.0
2022-07-19,19,346.0
2022-07-19,20,346.0
2022-07-19,21,480.0
2022-07-19,36,716.9979999999999
2022-07-19,37,693.524
2022-07-19,39,628.2283333333334
2022-07-20,19,560.0
2022-07-20,20,600.0
2022-07-20,27,390.0
2022-07-25,34,297.54
2022-07-25,35,339.22
2022-07-25,40,323.62
2022-07-25,41,299.21
2022-07-25,42,312.6
2022-07-28,17,422.08
2022-07-28,37,419.91
2022-07-28,38,403.71
2022-07-29,16,429.0
2022-07-29,17,429.0
2022-07-29,18,429.0
2022-08-02,43,349.0
2022-08-02,44,349.0
2022-08-02,45,349.0
2022-08-03,29,350.0
2022-08-03,30,350.0
2022-08-03,31,350.0
2022-08-03,32,448.0
2022-08-03,33,448.0
2022-08-04,15,345.15999999999997
2022-08-04,16,367.34
2022-08-04,17,350.0
2022-08-05,17,420.0
2022-08-05,36,384.655
2022-08-05,37,380.565
2022-08-05,38,380.96000000000004
2022-08-06,37,389.275
2022-08-06,38,389.0
2022-08-06,42,377.4375
2022-08-06,43,389.1
2022-08-06,44,390.062
2022-08-06,45,389.0475
2022-08-06,48,389.0
2022-08-07,1,389.0
2022-08-07,39,387.2
2022-08-07,40,387.25
2022-08-07,41,387.0
2022-08-08,10,387.0
2022-08-08,11,387.0
2022-08-08,12,386.7033333333334
2022-08-08,13,393.93666666666667
2022-08-08,14,397.2633333333333
2022-08-08,15,386.875
2022-08-08,16,397.83
2022-08-08,17,394.7966666666666
2022-08-08,19,407.3333333333333
2022-08-08,20,407.3333333333333
2022-08-08,21,395.6
2022-08-08,22,394.3333333333333
2022-08-08,44,381.5625
2022-08-08,45,400.0
2022-08-09,3,350.0
2022-08-09,4,291.6483333333333
2022-08-09,5,296.70500000000004
2022-08-09,6,279.03
2022-08-09,7,319.21000000000004
2022-08-09,8,290.25166666666667
2022-08-09,9,435.425
2022-08-09,10,436.77750000000003
2022-08-09,11,375.398
2022-08-09,12,300.942
2022-08-09,13,515.59
2022-08-09,34,401.6775
2022-08-09,35,400.3333333333333
2022-08-09,36,400.5
2022-08-09,41,407.0
2022-08-09,42,407.0
2022-08-09,45,380.81
2022-08-09,46,369.8
2022-08-09,47,397.77
2022-08-10,4,334.03999999999996
2022-08-10,5,311.65666666666664
2022-08-10,6,366.745
2022-08-10,7,381.54333333333335
2022-08-10,8,400.12000000000006
2022-08-10,9,487.69
2022-08-10,30,359.61
2022-08-12,33,469.0
2022-08-12,34,469.0
2022-08-12,35,469.0
2022-08-13,31,425.8433333333333
2022-08-13,32,427.19
2022-08-13,33,427.56
2022-08-13,43,490.0
2022-08-13,44,490.0
2022-08-14,32,430.0
2022-08-14,33,430.0
2022-08-14,34,430.0
2022-08-14,36,500.0
2022-08-14,37,500.0
2022-08-14,38,500.0
2022-08-14,39,500.0
2022-08-14,40,483.3333333333333
2022-08-14,41,540.0
2022-08-14,42,585.0
2022-08-15,17,416.68
2022-08-15,19,430.0
2022-08-15,20,430.0
2022-08-15,21,436.36
2022-08-15,22,430.0
2022-08-15,24,417.94
2022-08-15,26,410.685
2022-08-15,38,484.11
2022-08-15,39,495.885
2022-08-15,40,484.43
2022-08-15,43,489.74
2022-08-15,44,471.48
2022-08-16,5,495.0
2022-08-16,6,495.0
2022-08-16,33,499.29
2022-08-16,36,543.215
2022-08-16,37,543.215
2022-08-16,38,591.645
2022-08-17,1,441.16
2022-08-17,2,447.86
2022-08-17,3,475.82
2022-08-17,37,659.7166666666667
2022-08-18,2,482.13
2022-08-18,3,513.99
2022-08-18,4,501.67499999999995
2022-08-18,18,590.6
2022-08-18,19,593.13
2022-08-18,20,618.69
2022-08-20,36,50.0
2022-08-20,37,50.0
2022-08-21,37,523.6666666666666
2022-08-21,38,523.6666666666666
2022-08-21,39,525.0
2022-08-22,33,545.1
2022-08-22,34,619.87
2022-08-22,36,673.92
2022-08-22,37,665.1700000000001
2022-08-22,38,593.2766666666666
2022-08-22,39,593.3566666666667
2022-08-22,40,615.0174999999999
2022-08-22,41,638.145
2022-08-22,42,654.3050000000001
2022-08-22,43,680.0
2022-08-24,20,607.39
2022-08-24,21,620.97
2022-08-24,27,640.24
2022-08-24,28,668.7
2022-08-24,36,764.0
2022-08-24,37,776.31
2022-08-24,38,793.6
2022-08-24,39,743.62
2022-08-24,40,725.4300000000001
2022-08-24,41,715.5233333333334
2022-08-24,42,687.88
2022-08-25,26,800.0
2022-08-25,27,800.0
2022-08-25,28,800.0
2022-08-25,29,990.0
2022-08-26,1,622.81
2022-08-27,32,614.115
2022-08-27,33,632.675
2022-08-28,41,650.0
2022-08-28,42,667.5
2022-08-28,43,685.0
2022-08-28,44,685.0
2022-08-29,14,685.0
2022-08-29,15,685.0
2022-08-30,27,479.42499999999995
2022-08-30,28,506.56
2022-08-31,17,577.0
2022-09-02,18,643.29
2022-09-02,19,620.988
2022-09-02,20,640.0
2022-09-02,24,485.0
2022-09-02,25,485.0
2022-09-02,26,434.135
2022-09-02,27,488.32
2022-09-03,7,371.16
2022-09-03,8,439.5007142857143
2022-09-03,9,393.2421428571429
2022-09-03,10,369.33000000000004
2022-09-03,12,348.00333333333333
2022-09-03,13,395.15861111111116
2022-09-03,14,330.30333333333334
2022-09-03,15,322.66
2022-09-03,16,508.76
2022-09-03,17,558.162
2022-09-03,19,405.8335
2022-09-03,20,420.49333333333334
2022-09-03,28,300.0
2022-09-03,29,377.4475
2022-09-03,32,300.0
2022-09-03,33,368.375
2022-09-04,21,365.5675
2022-09-04,22,369.87199999999996
2022-09-04,23,438.19
2022-09-04,24,433.3333333333333
2022-09-04,32,410.0
2022-09-04,33,428.04833333333335
2022-09-04,34,500.0
2022-09-04,35,453.8333333333333
2022-09-05,13,430.89
2022-09-05,14,469.928
2022-09-05,15,491.605
2022-09-05,23,497.0
2022-09-05,24,497.0
2022-09-05,25,497.0
2022-09-05,26,497.0
2022-09-05,34,618.7
2022-09-05,37,550.0
2022-09-05,39,495.0
2022-09-05,40,495.0
2022-09-06,32,346.305
2022-09-06,33,343.145
2022-09-06,34,479.67
2022-09-06,35,448.45
2022-09-06,36,552.39
2022-09-07,15,325.0
2022-09-07,16,348.635
2022-09-07,17,403.28875
2022-09-07,18,431.75
2022-09-07,19,436.44
2022-09-07,20,350.0
2022-09-07,21,375.0
2022-09-08,39,486.39
2022-09-08,40,465.44
2022-09-09,15,475.0
2022-09-09,16,475.0
2022-09-09,18,423.31
2022-09-09,35,437.865
2022-09-09,36,320.33500000000004
2022-09-10,17,337.08000000000004
2022-09-11,23,408.07
2022-09-11,24,412.31
2022-09-11,33,460.86
2022-09-11,34,466.505
2022-09-11,35,459.145
2022-09-11,36,456.33000000000004
2022-09-12,32,371.2
2022-09-12,33,380.59
2022-09-13,37,525.0
2022-09-13,38,550.0
2022-09-20,15,358.59000000000003
2022-09-20,16,409.515
2022-09-20,39,421.165
2022-09-20,40,421.165
2022-09-20,41,417.86
2022-09-22,13,403.58
2022-09-22,14,418.75
2022-09-22,15,457.38
2022-09-23,15,435.59000000000003
2022-09-23,16,475.84
2022-09-24,3,404.44
2022-09-24,4,398.18
2022-09-25,27,364.0
2022-09-25,28,364.0
2022-09-26,19,350.0
2022-09-26,20,350.0
2022-09-26,21,360.0
2022-09-27,25,360.0
2022-09-27,26,360.0
2022-09-27,27,360.0
2022-09-27,36,382.61
2022-09-27,37,413.47
2022-09-28,13,365.294
2022-09-28,14,393.4
2022-09-28,15,434.19
2022-09-28,16,390.0
2022-09-30,15,354.33500000000004
2022-10-02,37,300.0
2022-10-05,15,350.0
2022-10-09,35,361.78
2022-10-16,29,253.82200000000003
2022-10-16,30,252.88600000000002
2022-10-16,31,258.7225
2022-10-16,32,226.985
2022-10-16,33,226.985
2022-10-20,16,220.0
2022-10-20,17,220.0
2022-10-22,37,219.19
2022-10-22,38,219.19
2022-10-25,17,177.038
2022-10-25,18,177.038
2022-10-27,16,119.0
2022-10-27,17,119.0
2022-10-27,19,109.0
2022-10-27,20,119.91
2022-10-27,21,143.82
2022-10-28,14,144.0
2022-10-28,15,144.0
2022-10-28,33,159.29833333333332
2022-10-28,34,160.87
2022-10-28,36,143.2
2022-10-29,37,150.0
2022-11-02,14,181.8525
2022-11-03,14,185.07666666666668
2022-11-04,15,220.0
2022-11-04,16,235.0
2022-11-04,17,235.0
2022-11-04,32,252.01
2022-11-04,33,288.505
2022-11-04,34,301.005
2022-11-08,34,265.89
2022-11-11,19,185.0
2022-11-11,20,185.0
2022-11-11,21,185.0
2022-11-11,22,185.0
2022-11-13,33,200.0
2022-11-13,34,200.0
2022-11-13,35,242.58
2022-11-13,36,251.595
2022-11-14,1,215.0
2022-11-14,2,211.25
2022-11-14,3,211.25
2022-11-14,4,200.0
2022-11-14,5,200.0
2022-11-14,6,200.0
2022-11-15,27,199.0
2022-11-15,32,193.17000000000002
2022-11-17,15,206.82375000000002
2022-11-17,16,212.27083333333334
2022-11-17,17,216.455
2022-11-17,18,207.455
2022-11-19,36,211.0
2022-11-19,37,211.0
2022-11-24,31,203.308
2022-11-24,32,193.7
2022-11-29,21,573.15
2022-12-01,37,548.38
2022-12-01,38,594.65
2022-12-02,18,408.812
2022-12-02,19,450.75
2022-12-02,28,400.0
2022-12-02,29,400.0
2022-12-05,21,393.34714285714284
2022-12-05,22,412.20666666666665
2022-12-06,14,390.646
2022-12-06,15,388.0254545454545
2022-12-06,16,392.68
2022-12-06,39,442.08714285714285
2022-12-06,40,383.3333333333333
2022-12-06,41,415.9
2022-12-07,1,408.635
2022-12-07,2,402.685
2022-12-07,15,450.0
2022-12-07,16,409.0
2022-12-07,17,442.37375000000003
2022-12-07,18,432.9990909090909
2022-12-07,19,434.17375
2022-12-07,20,408.0
2022-12-07,21,429.9428571428571
2022-12-07,22,420.32
2022-12-07,23,450.0
2022-12-07,24,441.56
2022-12-07,25,385.45
2022-12-07,26,385.88
2022-12-07,27,419.9
2022-12-07,33,508.70166666666665
2022-12-07,34,512.44
2022-12-07,41,351.11
2022-12-08,18,396.83
2022-12-08,19,328.51
2022-12-08,21,420.0
2022-12-08,22,465.0
2022-12-08,27,444.56666666666666
2022-12-08,28,416.0833333333333
2022-12-08,29,217.4333333333333
2022-12-08,48,372.98
2022-12-09,34,460.55
2022-12-09,35,477.41
2022-12-09,36,479.88
2022-12-10,29,455.004
2022-12-10,30,460.5133333333333
2022-12-10,31,444.65666666666664
2022-12-11,17,473.205
2022-12-11,18,501.476
2022-12-11,19,508.06875
2022-12-11,20,492.724
2022-12-11,21,489.455
2022-12-11,22,509.08500000000004
2022-12-11,23,525.0
2022-12-11,25,525.0
2022-12-11,27,524.615
2022-12-11,28,516.772
2022-12-12,25,680.0
2022-12-12,26,680.0
2022-12-13,25,580.0
2022-12-13,26,579.5
2022-12-15,16,557.8108333333333
2022-12-15,17,543.7504444444444
2022-12-15,18,594.49
2022-12-15,19,633.286
2022-12-15,20,598.63
2022-12-15,22,568.48
2022-12-15,23,572.015
2022-12-15,33,650.0
2022-12-15,34,650.0
2022-12-16,42,374.5
2022-12-16,43,361.7966666666666
2022-12-16,44,347.7833333333333
2022-12-17,46,419.0
2022-12-18,2,460.0
2022-12-19,25,285.82
2022-12-19,26,293.445
2022-12-20,28,300.05333333333334
2022-12-20,29,298.48
2022-12-22,18,324.065
2022-12-22,28,333.925
2022-12-23,19,247.38333333333333
2022-12-23,20,236.95333333333335
2022-12-24,26,230.772
2022-12-24,27,260.65833333333336
2022-12-24,28,260.7825
2022-12-25,16,263.55
2022-12-25,17,261.3933333333334
2022-12-26,5,212.6925
2022-12-26,32,263.5242857142857
2022-12-26,33,260.8
2022-12-27,44,234.8525
2022-12-28,4,189.195
2022-12-28,7,198.26
2022-12-29,33,250.0
2022-12-29,34,250.0
2022-12-29,35,250.0
2022-12-31,20,224.46666666666667
2022-12-31,21,254.70111111111112
2022-12-31,22,300.0
2022-12-31,23,300.0
2022-12-31,24,285.81875
2022-12-31,25,340.119
2022-12-31,26,306.095
2023-01-01,44,245.0
2023-01-02,22,230.35500000000002
2023-01-02,25,214.595
2023-01-02,26,214.4
2023-01-02,29,237.2
2023-01-02,30,237.2
2023-01-04,25,196.66666666666666
2023-01-04,26,196.0
2023-01-04,27,194.0
2023-01-04,28,194.0
2023-01-04,29,193.875
2023-01-04,33,192.0
2023-01-04,35,197.1
2023-01-04,41,186.85
2023-01-04,42,175.775
2023-01-04,45,171.48000000000002
2023-01-05,15,194.14333333333335
2023-01-05,16,211.73
2023-01-05,17,185.05
2023-01-05,18,215.62399999999997
2023-01-05,19,231.8475
2023-01-05,20,224.47799999999998
2023-01-05,21,224.46333333333334
2023-01-05,31,219.66666666666666
2023-01-05,33,224.0
2023-01-05,34,222.0
2023-01-05,37,212.0
2023-01-05,38,212.0
2023-01-05,39,199.0
2023-01-05,40,199.0
2023-01-05,41,199.0
2023-01-05,42,199.0
2023-01-05,46,175.22500000000002
2023-01-06,25,215.0
2023-01-06,26,219.25
2023-01-06,27,219.25
2023-01-06,28,214.0
2023-01-06,29,227.5
2023-01-06,30,227.875
2023-01-06,31,226.0
2023-01-07,3,180.0
2023-01-07,4,177.85
2023-01-07,5,182.975
2023-01-07,10,172.225
2023-01-07,11,177.435
2023-01-07,13,180.0
2023-01-07,16,198.126
2023-01-07,17,205.0
2023-01-07,18,198.75
2023-01-07,20,208.0125
2023-01-07,27,233.0
2023-01-07,29,223.0
2023-01-07,32,212.5
2023-01-07,33,203.125
2023-01-07,34,207.84875
2023-01-07,35,220.92999999999998
2023-01-07,36,225.0
2023-01-07,37,217.13166666666666
2023-01-07,38,217.13166666666666
2023-01-07,40,205.85999999999999
2023-01-07,41,206.94400000000002
2023-01-07,42,210.25571428571428
2023-01-07,43,213.1125
2023-01-07,44,199.0
2023-01-07,46,195.0
2023-01-07,47,195.0
2023-01-08,4,195.0
2023-01-08,5,195.0
2023-01-08,14,197.0
2023-01-08,34,215.0
2023-01-08,35,215.0
2023-01-08,36,215.0
2023-01-08,41,217.0
2023-01-08,42,217.22375
2023-01-08,43,223.465
2023-01-08,45,235.0
2023-01-09,2,220.0
2023-01-09,4,220.0
2023-01-09,11,210.0
2023-01-09,12,210.0
2023-01-09,14,230.0
2023-01-09,15,230.0
2023-01-09,16,230.0
2023-01-09,48,231.39625
2023-01-10,1,231.6522222222222
2023-01-10,2,239.66666666666666
2023-01-10,7,225.0
2023-01-10,8,207.32600000000002
2023-01-10,9,202.83
2023-01-10,13,240.4
2023-01-10,14,234.0
2023-01-10,15,230.0
2023-01-10,16,230.28000000000003
2023-01-10,33,227.75
2023-01-10,34,227.75
2023-01-10,44,224.4
2023-01-10,45,224.28571428571428
2023-01-10,46,221.36
2023-01-10,47,219.47166666666666
2023-01-10,48,225.75
2023-01-11,1,225.75
2023-01-11,9,210.57200000000003
2023-01-11,11,220.66666666666666
2023-01-11,12,222.0
2023-01-11,13,235.0
2023-01-11,14,231.06428571428572
2023-01-11,24,229.0
2023-01-11,25,223.83333333333334
2023-01-11,26,223.83333333333334
2023-01-11,27,200.0
2023-01-11,34,220.26
2023-01-11,35,221.2
2023-01-11,36,225.0
2023-01-13,24,200.0
2023-01-14,8,200.0
2023-01-14,12,211.0
2023-01-14,13,210.66666666666666
2023-01-14,37,219.0
2023-01-14,38,219.0
2023-01-15,16,211.66666666666666
2023-01-15,17,241.66666666666666
2023-01-15,18,238.0952380952381
2023-01-15,24,230.0
2023-01-15,25,230.0
2023-01-15,30,229.33333333333334
2023-01-15,31,229.5
2023-01-15,32,229.0
2023-01-15,34,231.5
2023-01-15,35,255.25
2023-01-16,18,224.0
2023-01-16,19,229.33333333333334
2023-01-16,20,230.0
2023-01-16,22,235.0
2023-01-16,23,235.0
2023-01-16,25,236.5
2023-01-16,26,238.0
2023-01-16,27,254.33333333333334
2023-01-16,31,232.32333333333335
2023-01-16,32,234.0
2023-01-16,39,235.0
2023-01-16,40,227.5
2023-01-17,2,214.41875
2023-01-17,3,212.4925
2023-01-17,4,211.2
2023-01-17,12,232.13
2023-01-17,13,231.06
2023-01-17,14,262.99
2023-01-17,19,249.14600000000002
2023-01-17,20,234.0
2023-01-17,40,195.78
2023-01-17,41,237.745
2023-01-17,42,232.17
2023-01-18,17,224.66666666666666
2023-01-18,18,224.66666666666666
2023-01-18,19,220.0
2023-01-18,20,220.0
2023-01-18,22,220.0
2023-01-18,34,261.6666666666667
2023-01-19,7,206.57666666666668
2023-01-19,8,208.98
2023-01-19,9,208.86
2023-01-19,17,267.4875
2023-01-19,34,300.19
2023-01-19,37,290.0
2023-01-19,38,290.0
2023-01-20,36,250.0
2023-01-20,37,250.0
2023-01-20,45,248.275
2023-01-21,22,223.37666666666667
2023-01-21,23,224.25
2023-01-21,32,225.37666666666667
2023-01-21,33,227.62833333333333
2023-01-21,34,242.72
2023-01-21,35,237.958
2023-01-21,36,237.5
2023-01-22,17,236.248
2023-01-22,18,234.44222222222223
2023-01-22,19,234.1225
2023-01-22,20,236.41800000000003
2023-01-22,21,214.01999999999998
2023-01-22,34,260.336
2023-01-22,35,265.0
2023-01-23,22,330.0
2023-01-23,23,321.0
2023-01-23,24,247.02249999999998
2023-01-23,25,239.69666666666663
2023-01-23,26,237.045
2023-01-23,27,237.045
2023-01-23,28,288.6366666666667
2023-01-23,29,288.78
2023-01-24,17,292.40999999999997
2023-01-24,18,286.46000000000004
2023-01-24,33,253.15
2023-01-24,34,227.78
2023-01-24,35,288.0
2023-01-24,36,288.0
2023-01-24,40,237.36
2023-01-24,41,233.07
2023-01-25,16,245.0
2023-01-25,17,245.0
2023-01-25,25,270.0
2023-01-25,26,270.0
2023-01-25,27,327.435
2023-01-25,28,338.4
2023-01-25,29,289.0
2023-01-25,39,320.0
2023-01-25,40,320.0
2023-01-25,41,320.0
2023-01-26,9,210.225
2023-01-26,10,235.0
2023-01-26,11,235.0
2023-01-26,29,238.925
2023-01-26,31,226.11
2023-01-26,33,227.97
2023-01-26,37,247.88
2023-01-26,41,229.03
2023-01-26,42,188.12
2023-01-27,8,226.37
2023-01-27,9,225.2
2023-01-27,10,198.23
2023-01-27,14,234.75
2023-01-27,34,213.6
2023-01-27,40,209.19
2023-01-27,42,176.12
2023-01-28,20,241.02799999999996
2023-01-28,21,235.25
2023-01-28,22,225.0
2023-01-29,32,227.45
2023-01-29,33,220.9
2023-01-30,12,203.02
2023-01-30,13,205.0
2023-01-30,16,235.0
2023-01-30,17,238.33333333333334
2023-01-30,42,215.79500000000002
2023-01-31,15,231.0
2023-01-31,16,229.5
2023-01-31,17,230.365
2023-01-31,18,229.095
2023-01-31,33,195.565
2023-01-31,35,212.47333333333333
2023-01-31,36,212.62
2023-01-31,38,214.915
2023-02-01,14,194.03
2023-02-01,17,192.21
2023-02-01,27,224.0
2023-02-02,14,195.88
2023-02-02,32,212.86333333333334
2023-02-02,33,213.4575
2023-02-02,38,242.38
2023-02-02,46,220.0
2023-02-03,13,210.0
2023-02-03,19,200.5
2023-02-04,4,208.4
2023-02-04,36,217.57000000000002
2023-02-04,37,204.0
2023-02-05,34,218.585
2023-02-05,35,218.9675
2023-02-06,38,226.66500000000002
2023-02-06,40,240.0
2023-02-06,41,240.0
2023-02-07,10,230.0
2023-02-07,11,228.315
2023-02-07,12,260.28
2023-02-07,13,329.89
2023-02-07,15,230.0
2023-02-07,42,307.5
2023-02-07,43,285.0
2023-02-08,32,198.47
2023-02-08,33,204.735
2023-02-08,43,217.03
2023-02-09,4,229.0725
2023-02-09,5,213.2145
2023-02-09,6,215.3516666666667
2023-02-09,13,199.91
2023-02-09,33,216.28666666666666
2023-02-09,34,219.84333333333333
2023-02-10,13,239.293125
2023-02-10,19,205.0
2023-02-11,5,160.69
2023-02-11,39,225.175
2023-02-11,40,208.8
2023-02-11,44,235.0
2023-02-11,45,235.0
2023-02-12,43,193.0
2023-02-13,17,217.0976923076923
2023-02-13,18,214.695
2023-02-13,19,217.0
2023-02-13,45,195.98499999999999
2023-02-13,47,193.31
2023-02-14,8,181.31
2023-02-14,9,182.44
2023-02-14,10,190.29
2023-02-14,16,215.34
2023-02-14,17,213.45
2023-02-14,18,222.39666666666668
2023-02-14,19,240.0
2023-02-15,1,178.52
2023-02-15,2,183.865
2023-02-15,5,186.3475
2023-02-15,6,189.70999999999998
2023-02-15,7,170.975
2023-02-15,8,176.79500000000002
2023-02-18,23,166.45999999999998
2023-02-18,24,168.065
2023-02-18,25,165.905
2023-02-20,39,192.5
2023-02-23,16,203.28857142857143
2023-02-23,17,210.56714285714287
2023-02-23,24,201.29
2023-02-23,25,201.83125
2023-02-23,26,197.6688888888889
2023-02-23,27,219.0
2023-02-23,30,200.29
2023-02-23,31,198.59
2023-02-23,35,198.88666666666666
2023-02-23,36,201.60375
2023-02-23,39,204.88
2023-02-23,40,195.99
2023-02-23,41,198.24
2023-02-24,18,180.0
2023-02-24,19,180.0
2023-02-24,31,187.35500000000002
2023-02-24,39,182.0533333333333
2023-02-24,40,182.6
2023-02-24,41,180.3
2023-02-24,44,164.695
2023-02-24,45,168.6475
2023-02-24,46,168.10333333333332
2023-02-24,48,155.41
2023-02-25,2,166.965
2023-02-25,9,200.0
2023-02-25,17,198.87714285714284
2023-02-25,18,198.50142857142856
2023-02-25,19,198.78333333333333
2023-02-25,31,189.24833333333333
2023-02-25,32,193.1757142857143
2023-02-25,33,195.76666666666665
2023-02-25,34,195.65
2023-02-25,35,205.0
2023-02-25,42,185.126
2023-02-25,43,188.56799999999998
2023-02-26,1,180.0
2023-02-26,2,157.4275
2023-02-26,24,164.215
2023-02-26,25,168.746
2023-02-26,26,195.81333333333336
2023-02-26,38,199.82999999999998
2023-02-26,39,197.10500000000002
2023-02-26,46,187.76999999999998
2023-02-26,47,166.715
2023-02-26,48,190.28166666666667
2023-02-27,8,170.79999999999998
2023-02-27,11,179.898
2023-02-27,22,205.1
2023-02-27,23,206.5675
2023-02-27,24,206.21666666666667
2023-02-27,25,204.1933333333333
2023-02-27,26,205.14333333333335
2023-02-27,27,205.32000000000002
2023-02-27,28,205.735
2023-02-27,40,186.25
2023-02-27,41,188.98000000000002
2023-02-28,15,147.94
2023-02-28,17,217.2
2023-02-28,18,203.975
2023-02-28,19,197.225
2023-02-28,20,194.0
2023-03-02,31,196.0
2023-03-03,17,206.0
2023-03-03,33,206.0
2023-03-03,34,180.0
2023-03-03,35,180.0
2023-03-03,42,195.0
2023-03-03,43,195.0
2023-03-04,1,201.74333333333334
2023-03-04,2,200.63
2023-03-04,3,200.42666666666665
2023-03-04,4,203.435
2023-03-04,5,202.48000000000002
2023-03-04,6,182.86
2023-03-04,7,185.84
2023-03-04,17,188.73000000000002
2023-03-04,18,189.72333333333333
2023-03-04,19,193.98
2023-03-04,22,202.328
2023-03-04,23,209.75799999999998
2023-03-04,26,187.12
2023-03-04,30,200.0
2023-03-04,31,200.0
2023-03-04,48,199.2266666666667
2023-03-05,1,176.91500000000002
2023-03-05,2,207.0
2023-03-05,8,149.67
2023-03-05,9,149.515
2023-03-05,10,149.715
2023-03-05,11,149.685
2023-03-05,16,184.55499999999998
2023-03-05,17,184.895
2023-03-05,18,186.8542857142857
2023-03-05,19,183.71333333333334
2023-03-05,20,190.0
2023-03-05,21,185.01
2023-03-05,27,188.54
2023-03-05,28,184.625
2023-03-05,29,180.0
2023-03-05,32,180.0
2023-03-05,33,207.0
2023-03-05,34,207.0
2023-03-05,35,207.0
2023-03-05,42,192.495
2023-03-05,43,191.35
2023-03-05,44,180.0
2023-03-06,3,189.52499999999998
2023-03-06,4,191.55
2023-03-06,24,208.0
2023-03-06,29,195.41333333333333
2023-03-06,30,189.77
2023-03-06,40,193.17666666666665
2023-03-06,46,204.33800000000002
2023-03-07,12,205.0
2023-03-07,13,200.0
2023-03-07,44,199.445
2023-03-08,1,195.4225
2023-03-08,14,205.08
2023-03-08,15,220.0
2023-03-08,19,206.9
2023-03-08,20,206.0
2023-03-08,21,199.74666666666667
2023-03-08,22,198.39666666666665
2023-03-08,32,201.845
2023-03-08,33,202.057
2023-03-08,34,197.9846153846154
2023-03-08,35,196.97272727272727
2023-03-08,36,196.8075
2023-03-08,37,199.75
2023-03-08,38,210.34
2023-03-08,40,199.25
2023-03-09,12,199.366
2023-03-09,13,203.416
2023-03-09,15,232.01
2023-03-09,16,230.77
2023-03-09,20,198.0666666666667
2023-03-09,30,199.0
2023-03-09,33,198.0
2023-03-09,46,206.9
2023-03-10,2,194.69
2023-03-10,31,187.10750000000002
2023-03-10,32,192.24249999999998
2023-03-10,34,181.0
2023-03-10,35,195.0
2023-03-10,37,192.5
2023-03-12,27,167.84
2023-03-13,16,166.9125
2023-03-13,17,188.45000000000002
2023-03-13,18,185.0
2023-03-13,21,186.0525
2023-03-13,22,182.39
2023-03-13,24,174.66
2023-03-13,28,175.0
2023-03-13,34,160.3
2023-03-13,37,199.83800000000002
2023-03-13,38,200.0
2023-03-13,46,185.0
2023-03-13,48,190.0
2023-03-14,1,192.5
2023-03-14,2,192.5
2023-03-14,3,200.0
2023-03-14,11,185.0
2023-03-14,12,185.0
2023-03-14,13,184.70666666666668
2023-03-14,14,185.0
2023-03-14,29,195.0
2023-03-14,30,195.0
2023-03-14,38,214.53666666666666
2023-03-14,41,203.0
2023-03-15,10,195.25333333333333
2023-03-15,11,195.3957142857143
2023-03-15,12,192.17333333333332
2023-03-15,13,198.1825
2023-03-15,14,196.01
2023-03-15,17,190.0
2023-03-15,18,185.0
2023-03-15,19,185.0
2023-03-15,26,170.92666666666665
2023-03-15,28,177.656
2023-03-15,32,177.19
2023-03-15,35,190.2357142857143
2023-03-15,36,178.88000000000002
2023-03-15,37,210.61833333333334
2023-03-16,13,166.648
2023-03-16,14,167.81
2023-03-16,17,147.21
2023-03-16,19,170.202
2023-03-16,20,163.85
2023-03-16,23,147.95333333333335
2023-03-16,24,147.78333333333333
2023-03-16,25,147.99
2023-03-16,28,148.38
2023-03-16,29,168.755
2023-03-16,30,167.15375
2023-03-16,41,178.50333333333333
2023-03-17,34,173.05555555555554
2023-03-17,35,174.25428571428571
2023-03-17,36,136.6
2023-03-17,38,190.76666666666665
2023-03-17,41,175.5475
2023-03-17,42,169.778
2023-03-17,43,169.58499999999998
2023-03-19,22,184.0
2023-03-19,23,184.0
2023-03-19,42,148.71
2023-03-19,43,149.84
2023-03-19,45,147.31
2023-03-19,46,152.9625
2023-03-19,47,147.79
2023-03-20,14,180.74833333333333
2023-03-20,15,183.0
2023-03-20,22,173.86666666666667
2023-03-20,29,218.0
2023-03-21,7,148.99
2023-03-21,8,147.04
2023-03-21,14,184.69500000000002
2023-03-21,37,125.5
2023-03-21,38,145.0
2023-03-21,39,163.0
2023-03-21,48,149.81
2023-03-22,3,142.66
2023-03-22,13,149.39333333333335
2023-03-22,14,180.56375
2023-03-22,15,173.60125
2023-03-22,16,171.745
2023-03-22,17,172.13000000000002
2023-03-22,24,164.295
2023-03-22,25,158.95222222222222
2023-03-22,26,161.0075
2023-03-23,6,153.72333333333333
2023-03-23,16,158.12
2023-03-23,37,165.0
2023-03-23,41,200.0
2023-03-23,45,159.6
2023-03-24,23,140.65
2023-03-24,33,135.83800000000002
2023-03-24,34,147.04
2023-03-24,35,135.73833333333334
2023-03-25,28,153.053
2023-03-25,29,152.63777777777779
2023-03-25,30,149.0
2023-03-25,34,154.1
2023-03-25,42,159.89
2023-03-26,14,159.20857142857145
2023-03-26,15,175.0
2023-03-26,16,161.5775
2023-03-26,17,135.0
2023-03-26,18,163.65083333333334
2023-03-26,19,180.0
2023-03-26,20,134.595
2023-03-26,21,134.595
2023-03-26,24,167.29999999999998
2023-03-26,38,190.0
2023-03-26,39,190.0
2023-03-28,17,166.945
2023-03-28,18,170.025
2023-03-28,24,156.9075
2023-03-28,25,169.595
2023-03-30,33,148.41833333333332
2023-03-30,34,140.95
2023-03-30,37,51.0
2023-03-31,6,140.85
2023-03-31,15,146.0
2023-03-31,16,174.278
2023-03-31,17,175.385
2023-03-31,18,168.73
2023-03-31,19,174.54999999999998
2023-03-31,20,165.95
2023-03-31,29,147.19666666666666
2023-03-31,30,149.11333333333334
2023-03-31,34,148.66714285714286
2023-03-31,40,147.95000000000002
2023-04-01,5,141.792
2023-04-01,35,186.0
2023-04-01,36,186.0
2023-04-01,43,158.5
2023-04-01,45,158.5
2023-04-01,48,170.0
2023-04-02,3,164.266
2023-04-02,4,166.92000000000002
2023-04-02,5,166.81875
2023-04-02,24,171.75
2023-04-02,25,171.75
2023-04-02,42,174.16666666666666
2023-04-02,45,175.33333333333334
2023-04-03,1,172.14285714285714
2023-04-03,11,176.44444444444446
2023-04-03,15,191.43
2023-04-03,16,191.43
2023-04-03,22,153.762
2023-04-03,23,153.13
2023-04-03,24,170.825
2023-04-03,28,171.23
2023-04-03,38,168.41166666666666
2023-04-03,39,170.66875
2023-04-03,40,176.9766666666667
2023-04-04,38,174.58800000000002
2023-04-04,48,200.64125
2023-04-05,1,203.9
2023-04-05,3,174.85666666666665
2023-04-05,4,196.56307692307695
2023-04-05,5,200.9007142857143
2023-04-05,6,202.3972727272727
2023-04-05,7,211.1
2023-04-05,8,209.42800000000003
2023-04-05,11,209.21
2023-04-05,12,213.30857142857144
2023-04-05,13,209.49571428571429
2023-04-05,14,213.40727272727273
2023-04-05,45,182.26
2023-04-05,46,195.54
2023-04-05,47,217.29874999999998
2023-04-05,48,240.0
2023-04-06,4,174.0
2023-04-06,5,178.43444444444447
2023-04-06,6,240.0
2023-04-06,7,162.9275
2023-04-06,8,190.21208333333334
2023-04-06,9,203.79958333333332
2023-04-06,10,208.3761111111111
2023-04-06,14,186.15333333333334
2023-04-06,15,206.715
2023-04-06,31,166.71
2023-04-06,32,165.85
2023-04-06,33,166.68333333333334
2023-04-06,41,170.0
2023-04-06,42,170.0
2023-04-07,32,155.448
2023-04-07,34,146.932
2023-04-07,39,150.405
2023-04-07,41,140.48250000000002
2023-04-08,15,148.05
2023-04-08,16,153.99833333333333
2023-04-08,17,153.865
2023-04-08,21,151.17666666666665
2023-04-08,29,149.5
2023-04-08,31,153.0
2023-04-08,32,157.55666666666667
2023-04-08,33,146.29333333333332
2023-04-08,34,146.145
2023-04-08,35,151.2375
2023-04-08,36,151.89833333333334
2023-04-08,38,168.5
2023-04-08,39,170.0
2023-04-09,9,157.456
2023-04-09,16,153.935
2023-04-09,17,152.81
2023-04-09,25,132.41
2023-04-09,27,130.68166666666667
2023-04-09,28,130.545
2023-04-09,35,152.75
2023-04-09,36,162.11333333333334
2023-04-09,38,130.33
2023-04-09,40,128.7
2023-04-09,44,129.96333333333334
2023-04-09,45,129.98
2023-04-09,47,128.74666666666667
2023-04-10,18,132.14
2023-04-10,19,146.074
2023-04-10,25,174.0
2023-04-10,34,122.18375
2023-04-10,35,117.82666666666667
2023-04-10,36,123.21
2023-04-10,37,132.328
2023-04-10,38,124.34499999999998
2023-04-10,40,129.572
2023-04-10,41,150.0
2023-04-10,42,150.0
2023-04-10,47,195.8557142857143
2023-04-10,48,125.42
2023-04-11,1,137.07000000000002
2023-04-11,5,131.71
2023-04-11,15,188.63666666666666
2023-04-11,16,188.63666666666666
2023-04-11,17,171.88666666666666
2023-04-11,20,150.0
2023-04-11,22,150.0
2023-04-11,25,149.0
2023-04-11,26,191.55333333333334
2023-04-11,29,141.34
2023-04-11,30,162.34
2023-04-11,35,149.7575
2023-04-11,36,149.998
2023-04-12,11,168.6
2023-04-12,12,180.82750000000004
2023-04-12,15,174.98
2023-04-12,16,174.98
2023-04-12,17,186.4109090909091
2023-04-12,21,188.0
2023-04-12,23,189.41222222222223
2023-04-12,24,184.19444444444446
2023-04-12,25,194.09444444444443
2023-04-12,26,240.0
2023-04-12,33,159.09
2023-04-12,34,146.37333333333333
2023-04-12,35,155.20714285714286
2023-04-12,36,160.0
2023-04-12,41,174.98
2023-04-13,14,160.0
2023-04-13,15,174.0
2023-04-13,16,174.0
2023-04-13,17,155.015
2023-04-13,18,156.6475
2023-04-13,21,154.09300000000002
2023-04-13,22,155.0
2023-04-13,23,161.49125
2023-04-13,24,165.49125
2023-04-13,27,140.63833333333335
2023-04-13,28,156.01
2023-04-13,43,173.525
2023-04-13,44,173.27666666666667
2023-04-14,4,177.089
2023-04-14,5,177.27
2023-04-14,6,178.5
2023-04-14,37,154.51222222222222
2023-04-14,38,158.5
2023-04-14,39,148.5511111111111
2023-04-14,40,160.0
2023-04-15,35,240.0
2023-04-15,39,140.36
2023-04-15,40,152.05444444444444
2023-04-15,46,148.456
2023-04-15,47,144.75
2023-04-15,48,134.54916666666668
2023-04-16,1,153.9276923076923
2023-04-16,2,154.1469230769231
2023-04-16,6,153.36785714285716
2023-04-16,7,159.8
2023-04-16,9,159.0876923076923
2023-04-16,10,145.79666666666665
2023-04-16,11,152.419
2023-04-16,14,138.04000000000002
2023-04-16,29,140.00666666666666
2023-04-16,33,140.48666666666668
2023-04-16,34,142.22333333333333
2023-04-16,35,142.0
2023-04-17,16,174.0
2023-04-17,22,166.8725
2023-04-17,24,168.87
2023-04-17,26,168.85
2023-04-17,27,169.01090909090908
2023-04-17,28,162.1
2023-04-17,44,150.0
2023-04-17,45,150.0
2023-04-18,14,173.0
2023-04-18,30,156.0
2023-04-18,31,159.0
2023-04-18,34,156.0
2023-04-18,35,156.0
2023-04-18,37,149.0
2023-04-18,38,163.12
2023-04-18,39,160.75
2023-04-18,40,161.66666666666666
2023-04-18,41,160.0
2023-04-18,42,160.0
2023-04-19,20,156.44400000000002
2023-04-19,21,160.35
2023-04-19,33,146.19
2023-04-19,35,151.334
2023-04-19,36,151.386
2023-04-19,37,149.51000000000002
2023-04-19,39,147.08
2023-04-19,40,148.285
2023-04-19,46,149.60285714285715
2023-04-19,48,155.00625
2023-04-20,13,148.72333333333333
2023-04-20,14,154.013
2023-04-20,15,149.75
2023-04-20,30,133.0
2023-04-20,31,133.0
2023-04-20,32,142.13285714285715
2023-04-20,33,136.0
2023-04-20,34,136.0
2023-04-20,35,125.58
2023-04-20,38,131.58
2023-04-20,42,139.0
2023-04-20,43,139.0
2023-04-20,46,145.63375
2023-04-20,47,149.3190909090909
2023-04-21,4,156.98
2023-04-21,5,158.16666666666666
2023-04-21,11,159.72444444444443
2023-04-21,12,162.17909090909092
2023-04-21,13,162.76
2023-04-21,14,145.0
2023-04-21,16,182.0
2023-04-21,17,157.12285714285716
2023-04-21,20,170.0625
2023-04-21,21,156.315
2023-04-21,22,152.9088888888889
2023-04-21,23,145.31875
2023-04-21,26,158.31545454545454
2023-04-22,2,148.88333333333333
2023-04-22,10,137.858
2023-04-22,11,137.60999999999999
2023-04-22,14,137.015
2023-04-22,18,135.935
2023-04-22,25,155.18444444444447
2023-04-22,26,157.445
2023-04-22,27,157.6775
2023-04-22,31,154.2588888888889
2023-04-22,32,154.385
2023-04-22,33,154.4275
2023-04-22,38,151.9575
2023-04-22,39,148.71
2023-04-22,41,148.95499999999998
2023-04-22,42,149.54000000000002
2023-04-22,43,149.164
2023-04-22,44,148.78166666666667
2023-04-22,45,148.5
2023-04-22,47,130.0
2023-04-22,48,148.9
2023-04-23,1,143.018
2023-04-23,3,138.82
2023-04-23,4,145.16333333333333
2023-04-23,16,144.0
2023-04-23,17,137.0
2023-04-23,18,146.82055555555556
2023-04-23,19,141.60285714285715
2023-04-23,21,145.82
2023-04-23,22,162.66666666666666
2023-04-23,23,147.50777777777776
2023-04-23,24,155.1030769230769
2023-04-23,25,155.1657142857143
2023-04-23,26,155.5
2023-04-23,27,162.14777777777778
2023-04-23,35,162.99
2023-04-23,36,162.99
2023-04-23,37,162.99
2023-04-23,38,137.47833333333332
2023-04-23,39,137.13400000000001
2023-04-24,5,88.5
2023-04-24,11,129.691
2023-04-24,33,146.62
2023-04-24,34,149.84
2023-04-24,36,147.18571428571428
2023-04-24,37,154.1
2023-04-24,38,153.28444444444443
2023-04-24,39,154.3457142857143
2023-04-24,42,153.8875
2023-04-25,1,152.832
2023-04-25,2,152.38375
2023-04-25,3,152.63125
2023-04-25,4,152.25
2023-04-25,5,154.0
2023-04-25,6,154.5
2023-04-25,8,154.878
2023-04-25,11,151.57
2023-04-25,12,152.66666666666666
2023-04-25,14,162.394
2023-04-25,39,144.0
2023-04-25,40,144.305
2023-04-25,41,151.99272727272728
2023-04-25,42,154.60230769230768
2023-04-25,47,151.8525
2023-04-26,4,153.325
2023-04-26,11,148.59
2023-04-26,13,148.9
2023-04-26,14,168.0
2023-04-26,15,169.75
2023-04-26,17,161.07285714285715
2023-04-26,22,162.1475
2023-04-26,23,160.402
2023-04-26,24,151.995
2023-04-26,25,152.1375
2023-04-26,26,168.0
2023-04-26,27,162.08800000000002
2023-04-26,45,172.0
2023-04-27,14,160.95666666666668
2023-04-27,17,145.49
2023-04-27,18,141.24666666666667
2023-04-27,19,151.0
2023-04-27,20,135.876
2023-04-27,21,152.0
2023-04-27,22,131.346
2023-04-27,46,148.9075
2023-04-27,47,157.0
2023-04-28,1,145.0
2023-04-28,4,152.19333333333333
2023-04-28,5,154.4325
2023-04-28,12,149.99666666666667
2023-04-28,13,156.0
2023-04-28,45,150.38666666666666
2023-04-28,46,147.21
2023-04-28,47,146.96
2023-04-28,48,148.4425
2023-04-29,3,146.85999999999999
2023-04-29,7,146.07999999999998
2023-04-29,8,145.26600000000002
2023-04-29,14,142.945
2023-04-29,15,141.385
2023-04-29,29,139.0
2023-04-29,35,138.9475
2023-04-29,36,139.08857142857144
2023-05-01,16,129.4
2023-05-01,17,137.13181818181818
2023-05-01,18,142.42333333333332
2023-05-01,21,126.0
2023-05-01,22,125.40142857142857
2023-05-01,27,115.12714285714286
2023-05-01,40,129.48833333333334
2023-05-02,16,150.92875
2023-05-02,17,147.45
2023-05-02,18,145.76
2023-05-02,19,148.755
2023-05-02,20,144.92818181818183
2023-05-02,31,140.09500000000003
2023-05-03,21,136.92000000000002
2023-05-03,22,136.9225
2023-05-03,23,135.93800000000002
2023-05-03,24,134.65235294117647
2023-05-03,25,131.5
2023-05-03,26,132.57
2023-05-03,42,126.39666666666666
2023-05-03,43,126.44916666666667
2023-05-04,24,120.0
2023-05-04,25,127.5
2023-05-04,26,127.5
2023-05-04,28,126.78600000000002
2023-05-04,30,126.78600000000002
2023-05-04,31,119.97666666666667
2023-05-04,32,124.28571428571429
2023-05-04,33,125.54571428571428
2023-05-04,34,110.76809523809524
2023-05-04,35,137.21
2023-05-04,38,138.5
2023-05-05,15,123.05250000000001
2023-05-05,16,133.48181818181817
2023-05-05,17,134.53333333333333
2023-05-05,18,133.44625
2023-05-05,19,141.36
2023-05-05,20,145.95
2023-05-05,21,145.95
2023-05-05,22,145.95
2023-05-05,23,136.91199999999998
2023-05-05,25,124.0
2023-05-05,26,124.0
2023-05-06,7,128.14000000000001
2023-05-06,9,126.095
2023-05-06,10,125.94333333333333
2023-05-06,11,123.93545454545455
2023-05-06,15,136.358
2023-05-06,16,141.77
2023-05-06,19,139.564
2023-05-06,20,139.392
2023-05-06,23,133.18800000000002
2023-05-06,26,132.86714285714285
2023-05-06,27,128.664
2023-05-06,37,145.4625
2023-05-06,38,145.4675
2023-05-06,41,142.0
2023-05-07,5,125.3775
2023-05-07,6,124.74000000000001
2023-05-07,7,128.74857142857144
2023-05-07,11,124.995
2023-05-07,14,124.99333333333334
2023-05-07,15,128.32666666666668
2023-05-07,16,130.965
2023-05-07,17,128.51
2023-05-07,19,130.03666666666666
2023-05-07,22,125.25
2023-05-07,27,127.225
2023-05-07,28,128.53
2023-05-07,47,120.33
2023-05-07,48,122.00333333333333
2023-05-08,1,123.13714285714286
2023-05-08,9,124.436
2023-05-08,10,124.436
2023-05-08,11,125.86454545454545
2023-05-09,33,148.099375
2023-05-09,34,149.05076923076925
2023-05-09,41,147.655
2023-05-09,46,142.14666666666668
2023-05-10,1,145.0
2023-05-10,10,140.0
2023-05-10,11,143.0
2023-05-10,21,138.0
2023-05-10,35,127.66666666666667
2023-05-10,37,128.0
2023-05-10,43,135.83272727272728
2023-05-10,44,141.675625
2023-05-10,47,163.00285714285715
2023-05-10,48,163.01714285714283
2023-05-11,3,153.8477777777778
2023-05-11,4,152.9042857142857
2023-05-11,7,161.71875
2023-05-11,8,161.8775
2023-05-11,10,164.0275
2023-05-11,11,165.12444444444446
2023-05-11,12,165.4377777777778
2023-05-11,31,138.0
2023-05-11,32,138.0
2023-05-11,34,136.0
2023-05-11,35,135.748
2023-05-11,36,130.04857142857142
2023-05-11,37,133.631
2023-05-11,38,144.0
2023-05-11,39,133.0
2023-05-11,40,131.9466666666667
2023-05-11,41,132.044
2023-05-11,42,137.60250000000002
2023-05-11,43,139.61625
2023-05-11,44,141.84076923076924
2023-05-11,45,138.0
2023-05-11,47,129.98499999999999
2023-05-11,48,135.385
2023-05-12,1,135.32500000000002
2023-05-12,2,141.97176470588235
2023-05-12,7,139.39363636363635
2023-05-12,8,137.0
2023-05-12,10,144.64964285714285
2023-05-12,11,153.26333333333332
2023-05-12,21,139.0
2023-05-12,22,136.5
2023-05-12,23,135.96125
2023-05-12,30,127.71857142857142
2023-05-12,31,127.82333333333334
2023-05-12,32,126.985
2023-05-12,33,125.97000000000001
2023-05-12,36,117.94800000000001
2023-05-12,38,116.0475
2023-05-12,40,122.31333333333333
2023-05-12,41,124.208
2023-05-12,42,124.7042857142857
2023-05-12,47,139.0
2023-05-13,2,124.4
2023-05-13,6,124.2
2023-05-13,7,124.26666666666667
2023-05-13,22,125.0
2023-05-13,35,138.15285714285713
2023-05-13,36,144.0275
2023-05-13,37,136.945
2023-05-13,38,137.96
2023-05-13,39,128.226
2023-05-13,42,130.07
2023-05-14,13,127.0
2023-05-14,15,125.845
2023-05-14,16,125.628
2023-05-14,17,127.0
2023-05-14,19,130.0
2023-05-14,23,122.285
2023-05-14,27,128.0
2023-05-14,28,128.0
2023-05-14,29,123.85000000000001
2023-05-14,32,123.58500000000001
2023-05-14,34,124.86
2023-05-14,35,124.6975
2023-05-14,36,124.47666666666667
2023-05-14,37,123.58
2023-05-14,38,129.13400000000001
2023-05-14,41,136.0
2023-05-14,43,138.26666666666668
2023-05-15,21,128.3114285714286
2023-05-15,23,126.73285714285714
2023-05-15,28,135.5875
2023-05-15,29,137.0
2023-05-15,32,125.0
2023-05-15,35,133.685
2023-05-15,36,123.74
2023-05-15,38,124.185
2023-05-15,39,123.74
2023-05-15,42,124.855
2023-05-16,15,133.6825
2023-05-16,16,157.155
2023-05-16,28,125.77000000000001
2023-05-16,29,122.20625
2023-05-16,34,111.71000000000001
2023-05-16,36,123.0
2023-05-16,37,126.96846153846153
2023-05-16,38,126.54529411764706
2023-05-16,39,129.03529411764706
2023-05-16,40,127.37166666666667
2023-05-16,41,128.325
2023-05-17,23,114.08
2023-05-17,24,113.46
2023-05-17,39,125.484
2023-05-17,40,128.16666666666666
2023-05-17,41,126.18076923076923
2023-05-17,42,129.33333333333334
2023-05-17,43,129.33333333333334
2023-05-17,46,118.0825
2023-05-17,47,128.0
2023-05-18,23,116.5
2023-05-18,25,118.0
2023-05-18,30,118.46125
2023-05-18,31,129.69
2023-05-18,34,120.0
2023-05-18,35,120.0
2023-05-18,36,117.0
2023-05-18,37,117.0
2023-05-18,38,120.335
2023-05-18,44,116.53428571428572
2023-05-18,46,120.185625
2023-05-18,48,115.55
2023-05-19,4,115.62
2023-05-19,5,118.06857142857143
2023-05-19,7,115.945
2023-05-19,9,115.485
2023-05-19,18,122.54400000000001
2023-05-19,20,124.375
2023-05-19,22,122.0
2023-05-19,23,133.0
2023-05-19,24,128.56
2023-05-20,2,110.03166666666668
2023-05-20,3,113.69428571428571
2023-05-20,7,114.50999999999999
2023-05-20,8,110.45142857142856
2023-05-20,39,103.28
2023-05-20,40,103.648
2023-05-20,41,100.396
2023-05-20,42,109.78363636363635
2023-05-20,43,105.525
2023-05-20,44,107.50142857142858
2023-05-20,48,111.48214285714286
2023-05-21,3,103.705
2023-05-21,4,109.67
2023-05-21,8,126.0
2023-05-21,9,103.47666666666667
2023-05-21,10,126.0
2023-05-21,11,112.22380952380954
2023-05-21,12,115.258
2023-05-21,41,114.98600000000002
2023-05-21,42,114.98600000000002
2023-05-21,43,118.971
2023-05-21,44,117.38699999999999
2023-05-21,46,121.4
2023-05-22,8,166.57
2023-05-22,11,139.0
2023-05-22,15,134.8
2023-05-22,16,136.42333333333332
2023-05-22,19,126.03500000000001
2023-05-22,23,128.0
2023-05-22,46,120.73375
2023-05-22,47,120.0
2023-05-23,2,120.4742857142857
2023-05-23,3,114.367
2023-05-23,4,115.695
2023-05-23,5,113.51533333333333
2023-05-23,6,110.93199999999999
2023-05-23,8,119.08666666666666
2023-05-23,17,123.07666666666667
2023-05-23,24,114.55875
2023-05-23,25,117.87263157894736
2023-05-23,26,116.08000000000001
2023-05-23,27,118.89
2023-05-23,42,110.91900000000001
2023-05-23,43,107.5
2023-05-23,44,107.64125
2023-05-23,45,107.56875
2023-05-23,46,106.79333333333334
2023-05-24,18,107.785
2023-05-24,19,106.84
2023-05-24,20,103.3
2023-05-24,21,104.625
2023-05-24,25,103.628
2023-05-24,26,106.8275
2023-05-24,27,107.49625
2023-05-24,28,107.98666666666668
2023-05-24,31,106.57499999999999
2023-05-24,38,116.71615384615384
2023-05-24,39,114.94
2023-05-24,41,109.043
2023-05-24,43,115.02727272727272
2023-05-24,44,114.6825
2023-05-24,46,115.6675
2023-05-24,47,116.7175
2023-05-25,1,115.776875
2023-05-25,11,111.51730769230768
2023-05-25,14,111.425
2023-05-25,15,114.99125000000001
2023-05-25,16,113.686
2023-05-25,17,114.0775
2023-05-25,18,113.82166666666666
2023-05-25,19,115.85285714285715
2023-05-25,20,114.325
2023-05-25,21,112.00333333333333
2023-05-25,22,108.98142857142857
2023-05-25,23,107.91
2023-05-25,24,104.64
2023-05-25,25,104.065
2023-05-25,26,107.9525
2023-05-25,27,107.888
2023-05-25,28,106.11
2023-05-25,29,105.61
2023-05-25,33,109.715
2023-05-25,34,110.0475
2023-05-25,37,114.25
2023-05-25,40,114.5
2023-05-25,41,114.36625000000001
2023-05-26,2,109.922
2023-05-26,15,105.0
2023-05-26,16,105.0
2023-05-26,17,105.0
2023-05-26,22,105.0
2023-05-26,23,105.0
2023-05-26,30,95.178
2023-05-26,31,97.99000000000001
2023-05-26,34,92.95615384615385
2023-05-26,35,94.25666666666666
2023-05-26,37,96.60666666666667
2023-05-26,38,106.11714285714287
2023-05-26,39,104.2175
2023-05-26,40,106.84631578947368
2023-05-26,41,102.88799999999999
2023-05-27,11,108.272
2023-05-27,14,106.27166666666666
2023-05-27,15,107.31700000000001
2023-05-27,16,140.0
2023-05-27,17,140.0
2023-05-27,20,111.0
2023-05-27,23,96.221
2023-05-27,24,105.0
2023-05-27,25,105.33333333333333
2023-05-27,28,104.53999999999999
2023-05-27,29,96.90541666666667
2023-05-27,30,105.3157142857143
2023-05-27,31,112.89533333333334
2023-05-27,32,106.5875
2023-05-27,33,108.5
2023-05-27,34,119.16166666666666
2023-05-27,35,125.35249999999999
2023-05-27,36,131.01176470588234
2023-05-27,37,121.80263157894737
2023-05-27,38,120.038
2023-05-27,39,111.33333333333333
2023-05-27,41,111.33333333333333
2023-05-27,42,113.955
2023-05-27,43,107.68
2023-05-27,44,107.2811111111111
2023-05-27,45,104.98
2023-05-27,46,104.09400000000001
2023-05-27,47,105.3
2023-05-27,48,105.0
2023-05-28,2,104.02799999999999
2023-05-28,3,104.03
2023-05-28,4,106.50666666666666
2023-05-28,5,106.77125
2023-05-28,6,106.20181818181818
2023-05-28,7,99.88375
2023-05-28,8,98.45222222222222
2023-05-28,9,102.68
2023-05-28,10,105.604
2023-05-28,13,104.055
2023-05-28,16,103.47461538461539
2023-05-28,17,110.63571428571429
2023-05-28,18,104.75083333333333
2023-05-28,19,103.53999999999999
2023-05-28,29,91.90527777777777
2023-05-28,30,80.0
2023-05-28,34,94.27
2023-05-28,35,94.51
2023-05-28,38,95.86500000000001
2023-05-28,39,97.65428571428572
2023-05-28,40,99.0125
2023-05-28,41,94.548
2023-05-28,43,96.668
2023-05-28,44,97.36
2023-05-28,45,89.13333333333333
2023-05-28,46,84.72
2023-05-28,47,84.395
2023-05-28,48,86.0
2023-05-29,4,85.84666666666665
2023-05-29,6,82.16
2023-05-29,8,91.575
2023-05-29,9,88.59
2023-05-29,10,92.74375
2023-05-29,11,90.05
2023-05-29,16,94.56333333333333
2023-05-29,17,95.86
2023-05-29,18,99.0
2023-05-29,19,91.45333333333333
2023-05-29,44,107.26
2023-05-29,45,105.66333333333334
2023-05-29,46,104.62666666666667
2023-05-29,47,106.05999999999999
2023-05-29,48,102.5
2023-05-30,3,109.12666666666667
2023-05-30,8,107.985
2023-05-30,9,109.5788888888889
2023-05-30,23,112.8
2023-05-30,25,112.85111111111111
2023-05-30,27,108.1425
2023-05-30,28,104.22666666666667
2023-05-30,29,106.485
2023-05-30,44,116.05
2023-05-30,45,110.5125
2023-05-30,46,110.928
2023-05-31,1,114.372
2023-05-31,2,116.0
2023-05-31,3,115.468
2023-05-31,4,115.12333333333333
2023-05-31,6,115.6075
2023-05-31,7,113.5
2023-05-31,8,112.87857142857142
2023-05-31,15,117.3
2023-05-31,16,115.46000000000001
2023-05-31,17,112.0
2023-05-31,18,114.82636363636362
2023-05-31,19,109.56666666666666
2023-05-31,43,114.98
2023-05-31,46,106.8275
2023-05-31,47,109.34666666666665
2023-06-01,5,109.50833333333333
2023-06-01,23,108.34
2023-06-01,25,109.53428571428572
2023-06-01,26,109.0
2023-06-01,28,50.0
2023-06-01,32,117.18333333333334
2023-06-01,33,117.888
2023-06-01,35,109.0
2023-06-01,36,109.0
2023-06-01,37,108.875
2023-06-01,38,108.515
2023-06-01,39,109.0
2023-06-01,40,109.0
2023-06-01,45,108.59200000000001
2023-06-01,46,96.054
2023-06-02,1,97.31
2023-06-02,2,108.05714285714285
2023-06-02,3,101.44142857142857
2023-06-02,9,109.0975
2023-06-02,11,107.85571428571428
2023-06-02,16,107.324
2023-06-02,17,104.215
2023-06-02,18,103.394
2023-06-02,19,101.022
2023-06-02,20,99.82666666666667
2023-06-02,21,104.59333333333335
2023-06-02,23,100.10666666666667
2023-06-02,26,91.77000000000001
2023-06-02,27,90.495
2023-06-02,29,92.0
2023-06-02,35,94.10142857142857
2023-06-02,36,99.8725
2023-06-02,37,94.52333333333333
2023-06-02,38,95.7088888888889
2023-06-02,39,96.76642857142858
2023-06-02,40,98.14769230769231
2023-06-02,41,96.918
2023-06-02,44,88.75
2023-06-02,48,130.0
2023-06-03,3,94.9
2023-06-03,4,94.9
2023-06-03,11,130.0
2023-06-03,12,94.9
2023-06-03,13,94.9
2023-06-03,14,94.9
2023-06-03,16,92.902
2023-06-03,17,92.8275
2023-06-03,18,93.40499999999999
2023-06-03,19,93.14166666666667
2023-06-03,20,92.7425
2023-06-03,21,94.14777777777778
2023-06-03,22,94.35333333333334
2023-06-03,23,91.53875000000001
2023-06-03,25,87.85166666666667
2023-06-03,27,93.86555555555555
2023-06-03,28,93.624
2023-06-03,29,94.356
2023-06-03,32,90.72666666666667
2023-06-03,34,91.4925
2023-06-03,35,92.455
2023-06-03,38,93.73285714285714
2023-06-03,39,93.7025
2023-06-03,45,94.26444444444445
2023-06-03,47,97.94928571428571
2023-06-04,3,98.70133333333334
2023-06-04,7,91.48375
2023-06-04,15,93.07111111111111
2023-06-04,16,94.282
2023-06-04,17,92.65799999999999
2023-06-04,18,91.8
2023-06-04,19,92.15125
2023-06-04,20,89.975
2023-06-04,21,95.14583333333333
2023-06-04,22,92.89166666666667
2023-06-04,23,94.95076923076923
2023-06-04,24,93.95769230769231
2023-06-04,25,93.68
2023-06-04,26,94.75
2023-06-04,27,104.17833333333333
2023-06-04,28,112.0
2023-06-04,29,112.0
2023-06-04,30,114.0
2023-06-04,31,114.0
2023-06-04,32,114.0
2023-06-04,33,107.71428571428571
2023-06-04,34,105.375
2023-06-04,35,114.0
2023-06-04,36,99.5
2023-06-04,37,106.57142857142857
2023-06-04,38,104.0
2023-06-04,39,107.0
2023-06-04,44,107.444
2023-06-04,45,107.64333333333333
2023-06-05,9,103.928
2023-06-05,13,103.7
2023-06-05,14,106.33500000000001
2023-06-05,15,114.33333333333333
2023-06-05,16,112.50999999999999
2023-06-05,17,106.855
2023-06-05,20,114.0
2023-06-05,21,114.0
2023-06-05,24,105.5
2023-06-05,25,105.25
2023-06-05,27,106.5
2023-06-05,33,98.535
2023-06-05,34,101.76375
2023-06-05,35,101.02666666666666
2023-06-05,37,99.0275
2023-06-05,38,100.0
2023-06-05,40,105.32833333333333
2023-06-05,41,105.97
2023-06-05,43,104.745
2023-06-06,16,105.33333333333333
2023-06-06,17,120.465
2023-06-06,19,100.0
2023-06-06,20,110.68857142857144
2023-06-06,25,107.25999999999999
2023-06-06,26,108.369
2023-06-06,29,113.4342857142857
2023-06-06,30,106.752
2023-06-06,31,103.92
2023-06-06,32,102.38428571428572
2023-06-06,33,101.255
2023-06-06,34,101.82333333333334
2023-06-06,35,108.41857142857143
2023-06-06,36,102.83916666666666
2023-06-06,37,110.50454545454545
2023-06-06,38,101.36142857142856
2023-06-06,41,109.26399999999998
2023-06-06,42,109.2525
2023-06-06,43,109.75333333333333
2023-06-07,21,117.9
2023-06-07,22,117.9
2023-06-07,36,107.83599999999998
2023-06-07,37,108.01333333333334
2023-06-07,38,104.1425
2023-06-07,39,107.69
2023-06-07,42,100.90142857142857
2023-06-07,43,100.74428571428572
2023-06-08,9,61.35
2023-06-08,31,101.135
2023-06-08,32,99.14999999999999
2023-06-08,36,107.75
2023-06-08,37,108.549
2023-06-08,38,110.25
2023-06-08,40,150.32
2023-06-09,7,106.848
2023-06-09,13,106.40666666666668
2023-06-09,14,99.84333333333332
2023-06-09,15,111.04857142857144
2023-06-09,16,116.50571428571428
2023-06-09,17,103.86125
2023-06-09,19,103.29
2023-06-09,20,103.73333333333333
2023-06-09,25,102.93111111111111
2023-06-09,34,102.66666666666667
2023-06-09,36,102.5
2023-06-09,38,105.4225
2023-06-09,39,109.49833333333333
2023-06-09,40,103.0
2023-06-10,14,102.0
2023-06-10,15,98.66428571428571
2023-06-10,17,98.56375
2023-06-10,21,114.26923076923077
2023-06-10,23,115.6
2023-06-10,29,103.51888888888888
2023-06-10,31,118.8
2023-06-10,32,118.8
2023-06-10,33,118.8
2023-06-10,35,103.43333333333334
2023-06-10,36,110.82181818181817
2023-06-10,38,107.06333333333333
2023-06-10,40,117.21666666666665
2023-06-10,41,116.946
2023-06-10,42,121.71
2023-06-10,44,121.945
2023-06-10,45,135.0
2023-06-10,47,125.0
2023-06-11,1,115.934
2023-06-11,4,117.75125
2023-06-11,5,120.43375
2023-06-11,6,118.8
2023-06-11,7,119.06000000000002
2023-06-11,8,118.8
2023-06-11,9,118.8
2023-06-11,10,118.8
2023-06-11,11,118.8
2023-06-11,12,119.9375
2023-06-11,13,123.93
2023-06-11,21,133.29352941176472
2023-06-11,22,128.5611111111111
2023-06-11,24,124.0
2023-06-11,26,119.35499999999999
2023-06-11,27,117.34
2023-06-11,28,117.275
2023-06-11,29,122.01666666666667
2023-06-11,31,119.91333333333334
2023-06-11,33,128.0
2023-06-11,34,128.0
2023-06-11,35,128.0
2023-06-11,36,136.16285714285715
2023-06-11,37,136.67333333333332
2023-06-11,47,128.0
2023-06-11,48,130.3846153846154
2023-06-12,1,134.0
2023-06-12,2,115.14571428571428
2023-06-12,6,126.33555555555556
2023-06-12,9,102.0
2023-06-12,14,112.25
2023-06-12,16,117.78571428571429
2023-06-12,17,116.3
2023-06-12,18,129.125
2023-06-12,21,143.06
2023-06-12,22,143.6688888888889
2023-06-12,23,154.07
2023-06-12,25,151.94
2023-06-12,26,156.20333333333335
2023-06-12,27,149.98833333333334
2023-06-12,29,159.046
2023-06-12,36,168.39000000000001
2023-06-12,41,157.34972222222223
2023-06-12,46,131.01833333333335
2023-06-12,47,137.3842857142857
2023-06-12,48,149.16214285714287
2023-06-13,1,149.64416666666668
2023-06-13,3,146.7057142857143
2023-06-13,4,167.64499999999998
2023-06-13,5,132.40125
2023-06-13,6,132.53625
2023-06-13,7,129.0
2023-06-13,8,147.44583333333333
2023-06-13,10,141.8221875
2023-06-13,12,146.18733333333333
2023-06-13,13,151.844
2023-06-13,17,145.06
2023-06-13,19,133.78875
2023-06-13,25,127.575
2023-06-13,28,127.88666666666666
2023-06-13,29,129.07999999999998
2023-06-13,31,125.96499999999999
2023-06-13,32,126.95599999999999
2023-06-13,33,134.40076923076924
2023-06-13,34,135.43285714285716
2023-06-13,35,130.81666666666666
2023-06-13,36,128.178
2023-06-13,38,142.88750000000002
2023-06-13,40,133.598
2023-06-14,4,126.72
2023-06-14,5,137.76
2023-06-14,15,128.35333333333332
2023-06-14,16,128.69666666666666
2023-06-14,29,119.72999999999999
2023-06-14,30,119.95
2023-06-14,31,119.96666666666665
2023-06-14,32,120.83333333333333
2023-06-14,33,121.8
2023-06-14,34,122.4
2023-06-14,37,116.15
2023-06-14,38,109.44444444444444
2023-06-14,39,135.9775
2023-06-14,40,140.95999999999998
2023-06-14,41,129.61
2023-06-14,42,130.68636363636364
2023-06-14,43,132.0
2023-06-14,46,134.0
2023-06-14,47,133.6
2023-06-14,48,143.109375
2023-06-15,1,134.29999999999998
2023-06-15,2,144.03380952380954
2023-06-15,3,136.8322222222222
2023-06-15,4,144.86631578947367
2023-06-15,5,149.85214285714284
2023-06-15,6,155.0
2023-06-15,7,122.5
2023-06-15,8,141.1864705882353
2023-06-15,9,161.42357142857142
2023-06-15,11,132.5425
2023-06-15,14,144.9
2023-06-15,28,146.7825
2023-06-15,37,138.4
2023-06-15,38,142.375
2023-06-15,39,155.0
2023-06-15,41,169.9
2023-06-15,42,169.9
2023-06-15,46,155.0
2023-06-15,47,155.0
2023-06-16,8,134.66199999999998
2023-06-16,9,134.0
2023-06-16,12,142.671875
2023-06-16,13,151.13291666666666
2023-06-16,17,141.21800000000002
2023-06-16,19,143.379
2023-06-16,28,132.49571428571429
2023-06-16,29,136.8275
2023-06-16,30,154.52
2023-06-16,35,139.0
2023-06-16,36,144.66666666666666
2023-06-16,37,144.09
2023-06-16,38,144.6
2023-06-16,39,134.16666666666666
2023-06-16,40,147.19111111111113
2023-06-16,46,124.0625
2023-06-16,47,138.13
2023-06-17,6,114.995
2023-06-17,7,118.61399999999999
2023-06-17,15,119.25625
2023-06-17,16,129.80142857142857
2023-06-17,17,134.6775
2023-06-17,18,136.22083333333333
2023-06-17,19,144.9
2023-06-17,20,144.9
2023-06-17,29,96.73
2023-06-17,31,113.545
2023-06-17,32,124.775
2023-06-17,33,127.80999999999999
2023-06-17,42,135.0
2023-06-17,43,135.0
2023-06-18,25,109.2
2023-06-18,28,110.16000000000001
2023-06-18,29,116.16000000000001
2023-06-18,30,107.91666666666667
2023-06-18,33,114.2475
2023-06-18,44,127.0
2023-06-18,45,131.5
2023-06-18,46,136.0
2023-06-18,47,136.0
2023-06-18,48,136.0
2023-06-19,16,127.54166666666667
2023-06-19,17,127.73545454545454
2023-06-19,22,108.17
2023-06-19,25,116.43800000000002
2023-06-19,33,120.96999999999998
2023-06-19,34,123.72166666666665
2023-06-19,35,122.62
2023-06-19,36,133.4635294117647
2023-06-19,37,134.55
2023-06-19,38,136.59333333333333
2023-06-19,39,142.5
2023-06-19,41,138.41333333333333
2023-06-19,42,140.0
2023-06-19,44,134.0
2023-06-19,45,134.9811111111111
2023-06-19,46,122.36777777777777
2023-06-19,47,125.60714285714286
2023-06-19,48,114.6575
2023-06-20,1,121.92333333333333
2023-06-20,2,115.365
2023-06-20,3,124.88400000000001
2023-06-20,4,123.27555555555556
2023-06-20,5,121.83800000000001
2023-06-20,9,118.14333333333333
2023-06-20,10,124.25166666666667
2023-06-20,11,126.83500000000001
2023-06-20,12,128.16
2023-06-20,13,127.05666666666667
2023-06-20,14,137.5
2023-06-20,15,134.0
2023-06-20,25,124.21599999999998
2023-06-20,26,130.0
2023-06-20,29,134.5
2023-06-20,30,129.60625
2023-06-20,31,134.5
2023-06-20,32,139.99
2023-06-20,33,139.99
2023-06-20,34,134.95
2023-06-20,35,130.45
2023-06-20,36,130.0
2023-06-20,37,130.0
2023-06-20,41,138.22222222222223
2023-06-20,42,133.435
2023-06-20,43,137.64444444444445
2023-06-20,44,140.18
2023-06-20,45,131.04999999999998
2023-06-20,46,126.78599999999999
2023-06-20,47,133.78
2023-06-20,48,131.805
2023-06-21,1,133.27875
2023-06-21,2,138.0
2023-06-21,3,138.0
2023-06-21,4,131.96
2023-06-21,5,132.0
2023-06-21,8,132.0
2023-06-21,9,132.0
2023-06-21,12,130.414
2023-06-21,13,135.0
2023-06-21,14,134.7757142857143
2023-06-21,27,108.13
2023-06-21,28,128.8025
2023-06-21,31,147.48270833333333
2023-06-21,32,144.74818181818182
2023-06-21,33,160.05
2023-06-21,34,140.808
2023-06-21,35,141.95333333333335
2023-06-21,36,140.0
2023-06-21,39,147.5192857142857
2023-06-21,42,146.0
2023-06-21,43,146.0
2023-06-21,46,137.852
2023-06-21,47,139.23117647058822
2023-06-22,1,133.70999999999998
2023-06-22,8,132.96
2023-06-22,9,133.62666666666667
2023-06-22,11,139.54
2023-06-22,12,145.87615384615384
2023-06-22,15,139.0
2023-06-22,16,139.0
2023-06-22,17,139.0
2023-06-22,18,139.8
2023-06-22,19,137.47625
2023-06-22,20,137.58625
2023-06-22,22,130.76142857142855
2023-06-22,23,132.76285714285714
2023-06-22,28,135.0
2023-06-22,34,134.0
2023-06-22,35,134.0
2023-06-22,37,133.9176923076923
2023-06-22,38,134.905
2023-06-22,40,132.774
2023-06-22,44,129.0
2023-06-22,45,128.50142857142856
2023-06-22,46,128.9325
2023-06-22,47,128.46857142857144
2023-06-22,48,127.40599999999999
2023-06-23,1,127.2
2023-06-23,4,128.8
2023-06-23,9,128.81
2023-06-23,10,128.66666666666666
2023-06-23,11,128.82333333333335
2023-06-23,14,132.33333333333334
2023-06-23,30,129.03666666666666
2023-06-23,31,132.99714285714285
2023-06-23,32,133.3176923076923
2023-06-23,33,136.2388888888889
2023-06-23,34,125.81444444444443
2023-06-23,35,127.0
2023-06-23,36,127.35714285714286
2023-06-23,37,127.49285714285715
2023-06-23,40,139.38875
2023-06-23,41,139.015
2023-06-24,29,116.93666666666667
2023-06-24,31,125.26142857142858
2023-06-24,32,126.71875
2023-06-24,33,131.0
2023-06-24,35,122.795
2023-06-24,40,128.175
2023-06-24,41,139.92333333333332
2023-06-24,45,140.0
2023-06-24,46,122.78000000000002
2023-06-24,47,123.47333333333334
2023-06-25,6,114.8490909090909
2023-06-25,7,110.435
2023-06-25,9,104.71199999999999
2023-06-25,11,90.70666666666666
2023-06-25,12,127.7
2023-06-25,13,130.4
2023-06-25,15,130.4
2023-06-25,16,103.44666666666667
2023-06-25,17,80.38571428571429
2023-06-25,18,97.18
2023-06-25,19,130.4
2023-06-25,20,89.345
2023-06-25,21,101.086
2023-06-25,22,97.15333333333334
2023-06-25,23,130.4
2023-06-25,24,109.17
2023-06-25,25,112.72166666666668
2023-06-25,26,130.4
2023-06-25,27,120.72
2023-06-25,28,124.364
2023-06-25,29,125.25999999999999
2023-06-25,30,123.97999999999999
2023-06-25,31,123.9
2023-06-25,34,126.39090909090909
2023-06-25,35,126.8
2023-06-25,40,139.69718749999998
2023-06-25,41,126.0
2023-06-25,42,130.30333333333334
2023-06-25,43,131.5011111111111
2023-06-25,45,134.0
2023-06-25,46,146.0
2023-06-26,12,144.638
2023-06-26,13,144.66
2023-06-26,15,111.845
2023-06-26,18,124.58363636363637
2023-06-26,19,139.0
2023-06-26,23,119.39714285714285
2023-06-26,24,119.21571428571428
2023-06-26,32,121.93199999999999
2023-06-26,33,123.47857142857143
2023-06-26,43,118.0
2023-06-26,46,118.18363636363637
2023-06-27,3,118.62899999999999
2023-06-27,11,120.72235294117648
2023-06-27,16,131.95999999999998
2023-06-27,17,125.55
2023-06-27,20,125.36454545454545
2023-06-27,36,123.398
2023-06-27,37,123.0
2023-06-27,38,120.5
2023-06-27,40,120.5
2023-06-27,42,120.99666666666667
2023-06-27,44,123.66923076923078
2023-06-27,45,131.086
2023-06-28,1,120.434
2023-06-28,7,126.77000000000001
2023-06-28,12,123.0257142857143
2023-06-28,13,133.3736842105263
2023-06-28,14,129.8
2023-06-28,15,131.33625
2023-06-28,16,132.5
2023-06-28,17,131.25285714285715
2023-06-28,18,127.476
2023-06-28,19,125.02250000000001
2023-06-28,21,126.75
2023-06-28,22,121.0
2023-06-28,23,122.17999999999999
2023-06-28,28,119.0
2023-06-28,29,119.0
2023-06-28,30,119.0
2023-06-28,32,133.0
2023-06-28,34,116.62333333333333
2023-06-28,35,117.31166666666667
2023-06-28,36,116.32333333333334
2023-06-28,37,117.5
2023-06-28,38,117.5
2023-06-28,39,123.42857142857143
2023-06-28,40,128.6
2023-06-28,41,129.77777777777777
2023-06-29,1,117.41999999999999
2023-06-29,2,128.655
2023-06-29,6,117.38499999999999
2023-06-29,7,120.242
2023-06-29,14,128.68571428571428
2023-06-29,17,120.35000000000001
2023-06-29,21,90.0
2023-06-29,23,112.978
2023-06-29,26,120.2725
2023-06-29,29,124.64222222222222
2023-06-29,30,124.3375
2023-06-29,32,123.54
2023-06-29,33,122.14428571428572
2023-06-29,34,122.72200000000001
2023-06-29,35,122.22
2023-06-29,36,123.33999999999999
2023-06-29,37,123.19857142857143
2023-06-29,46,135.9
2023-06-30,1,119.18
2023-06-30,25,126.705
2023-06-30,26,128.62
2023-06-30,27,116.80166666666668
2023-06-30,28,133.59
2023-06-30,30,106.12
2023-06-30,31,106.0
2023-06-30,32,104.372
2023-06-30,35,104.43
2023-06-30,36,104.7075
2023-06-30,41,114.4575
2023-06-30,42,117.5175
2023-06-30,43,123.42
2023-06-30,44,121.955
2023-06-30,46,113.47857142857143
