"Date","Price","Open","High","Low","Vol.","Change %"
"07/20/2023","79.59","79.33","80.23","78.67","","0.16%"
"07/19/2023","79.46","79.84","80.93","79.17","311.44K","-0.21%"
"07/18/2023","79.63","78.52","79.99","78.19","366.47K","1.44%"
"07/17/2023","78.50","79.36","80.64","78.25","341.16K","-1.72%"
"07/14/2023","79.87","81.64","81.70","79.53","311.23K","-1.83%"
"07/13/2023","81.36","80.19","81.75","79.88","416.12K","1.56%"
"07/12/2023","80.11","79.32","80.55","79.21","362.33K","0.89%"
"07/11/2023","79.40","77.82","79.50","77.63","333.84K","2.20%"
"07/10/2023","77.69","78.60","78.77","77.36","288.40K","-0.99%"
"07/07/2023","78.47","76.52","78.54","76.03","331.53K","2.55%"
"07/06/2023","76.52","76.70","77.09","75.03","0.43K","-0.17%"
"07/05/2023","76.65","76.03","76.95","75.30","293.74K","0.52%"
"07/04/2023","76.25","74.89","76.29","74.74","157.96K","2.14%"
"07/03/2023","74.65","75.11","76.60","74.56","328.00K","-0.33%"
"06/30/2023","74.90","74.22","75.40","74.21","14.70K","0.75%"
"06/29/2023","74.34","73.72","74.98","73.39","72.87K","0.42%"
"06/28/2023","74.03","72.62","74.20","71.57","91.45K","2.45%"
"06/27/2023","72.26","74.28","74.90","72.08","161.15K","-2.59%"
"06/26/2023","74.18","74.50","74.85","73.42","150.17K","0.45%"
"06/23/2023","73.85","74.02","74.44","72.11","169.54K","-0.39%"
"06/22/2023","74.14","77.03","77.20","73.59","329.53K","-3.86%"
"06/21/2023","77.12","75.54","77.24","75.52","236.55K","1.61%"
"06/20/2023","75.90","76.12","77.15","74.51","276.38K","-0.25%"
"06/19/2023","76.09","76.40","76.93","75.34","141.42K","-0.68%"
"06/16/2023","76.61","75.64","76.74","75.08","256.25K","1.24%"
"06/15/2023","75.67","73.41","75.97","72.91","260.41K","3.37%"
"06/14/2023","73.20","74.05","75.49","73.03","318.37K","-1.47%"
"06/13/2023","74.29","72.11","74.66","71.94","321.15K","3.41%"
"06/12/2023","71.84","74.87","74.87","71.58","358.50K","-3.94%"
"06/09/2023","74.79","75.53","76.57","74.71","260.20K","-1.54%"
"06/08/2023","75.96","76.80","77.68","73.58","393.89K","-1.29%"
"06/07/2023","76.95","76.22","77.64","75.51","325.63K","0.87%"
"06/06/2023","76.29","76.55","76.75","74.72","304.58K","-0.55%"
"06/05/2023","76.71","77.68","78.73","76.31","384.00K","0.76%"
"06/02/2023","76.13","74.28","76.50","74.18","273.54K","2.49%"
"06/01/2023","74.28","72.15","75.25","72.03","349.92K","2.23%"
"05/31/2023","72.66","73.60","73.81","71.39","20.11K","-1.20%"
"05/30/2023","73.54","76.98","77.57","73.20","112.18K","-4.58%"
"05/29/2023","77.07","77.39","77.75","76.15","31.55K","0.16%"
"05/26/2023","76.95","76.09","77.35","75.73","150.62K","0.90%"
"05/25/2023","76.26","78.22","78.50","75.10","237.72K","-2.68%"
"05/24/2023","78.36","77.70","78.66","77.03","285.99K","1.98%"
"05/23/2023","76.84","76.15","77.74","75.65","287.23K","1.12%"
"05/22/2023","75.99","75.63","76.46","74.55","241.96K","0.54%"
"05/19/2023","75.58","76.03","77.50","75.12","240.53K","-0.37%"
"05/18/2023","75.86","76.78","76.99","75.50","232.00K","-1.43%"
"05/17/2023","76.96","74.67","77.31","74.10","297.06K","2.74%"
"05/16/2023","74.91","75.55","75.95","74.50","216.20K","-0.43%"
"05/15/2023","75.23","74.15","75.75","73.49","240.52K","1.43%"
"05/12/2023","74.17","75.35","75.85","74.03","259.22K","-1.08%"
"05/11/2023","74.98","76.62","77.41","74.61","345.16K","-1.87%"
"05/10/2023","76.41","77.36","77.60","75.68","311.37K","-1.33%"
"05/09/2023","77.44","76.71","77.50","75.07","283.41K","0.56%"
"05/08/2023","77.01","75.23","77.43","74.95","185.75K","2.27%"
"05/05/2023","75.30","72.69","75.75","72.41","265.07K","3.86%"
"05/04/2023","72.50","71.28","73.72","71.28","362.23K","0.24%"
"05/03/2023","72.33","75.31","75.58","71.70","469.62K","-3.97%"
"05/02/2023","75.32","79.28","79.78","75.07","383.59K","-5.03%"
"05/01/2023","79.31","80.11","80.24","78.13","146.56K","-0.29%"
"04/28/2023","79.54","78.25","79.61","77.69","13.30K","1.49%"
"04/27/2023","78.37","77.77","78.61","77.39","104.39K","0.88%"
"04/26/2023","77.69","80.92","81.47","77.46","172.82K","-3.81%"
"04/25/2023","80.77","82.59","83.06","80.35","209.28K","-2.37%"
"04/24/2023","82.73","81.87","82.99","80.48","197.90K","1.31%"
"04/21/2023","81.66","80.79","82.05","80.45","196.85K","0.69%"
"04/20/2023","81.10","82.75","82.92","80.77","302.90K","-2.43%"
"04/19/2023","83.12","84.90","85.15","82.39","333.22K","-1.95%"
"04/18/2023","84.77","84.74","85.41","83.81","315.70K","0.01%"
"04/17/2023","84.76","86.43","86.52","84.34","261.81K","-1.80%"
"04/14/2023","86.31","86.18","86.87","85.53","262.58K","0.26%"
"04/13/2023","86.09","87.19","87.47","86.05","291.94K","-1.42%"
"04/12/2023","87.33","85.59","87.49","85.39","347.80K","2.01%"
"04/11/2023","85.61","84.24","85.67","83.75","262.67K","1.70%"
"04/10/2023","84.18","85.10","85.66","84.09","140.53K","-1.10%"
"04/06/2023","85.12","84.89","85.45","84.05","259.62K","0.15%"
"04/05/2023","84.99","85.22","85.54","84.01","246.48K","0.06%"
"04/04/2023","84.94","84.89","86.04","83.82","308.53K","0.01%"
"04/03/2023","84.93","86.00","86.44","83.50","478.31K","6.47%"
"03/31/2023","79.77","79.19","79.80","78.54","6.85K","0.63%"
"03/30/2023","79.27","78.23","79.55","77.86","62.92K","1.26%"
"03/29/2023","78.28","78.97","79.68","77.94","79.54K","-0.47%"
"03/28/2023","78.65","78.23","79.20","77.54","145.68K","0.68%"
"03/27/2023","78.12","75.00","78.42","74.80","146.95K","4.17%"
"03/24/2023","74.99","75.53","76.32","72.68","156.31K","-1.21%"
"03/23/2023","75.91","75.87","77.44","75.12","199.64K","-0.62%"
"03/22/2023","76.38","74.90","76.79","74.26","244.69K","1.80%"
"03/21/2023","75.03","73.44","75.12","72.62","297.90K","2.03%"
"03/20/2023","73.54","72.97","73.65","70.06","348.71K","1.06%"
"03/17/2023","72.77","74.30","75.59","71.38","477.37K","-2.05%"
"03/16/2023","74.29","73.85","75.12","71.49","306.20K","1.38%"
"03/15/2023","73.28","77.30","78.26","71.30","576.46K","-5.38%"
"03/14/2023","77.45","80.54","80.92","76.89","357.86K","-4.11%"
"03/13/2023","80.77","82.60","83.48","78.34","467.28K","-2.43%"
"03/10/2023","82.78","81.47","83.11","80.73","369.28K","1.46%"
"03/09/2023","81.59","82.55","84.00","81.42","282.56K","-1.29%"
"03/08/2023","82.66","83.03","83.59","82.06","297.09K","-0.76%"
"03/07/2023","83.29","86.23","86.75","82.83","295.19K","-3.35%"
"03/06/2023","86.18","85.83","86.35","84.34","244.34K","0.41%"
"03/03/2023","85.83","84.61","86.00","82.36","312.90K","1.27%"
"03/02/2023","84.75","84.31","85.10","83.83","214.22K","0.52%"
"03/01/2023","84.31","83.05","84.49","82.61","242.66K","0.50%"
"02/28/2023","83.89","82.30","84.15","82.19","12.30K","1.75%"
"02/27/2023","82.45","83.19","83.60","81.73","58.85K","-0.45%"
"02/24/2023","82.82","82.33","83.09","80.75","289.76K","1.06%"
"02/23/2023","81.95","80.31","82.46","80.25","293.33K","1.86%"
"02/22/2023","80.45","82.50","82.96","80.30","297.26K","-3.13%"
"02/21/2023","83.05","83.86","84.20","82.56","231.63K","-1.21%"
"02/20/2023","84.07","83.15","84.30","82.73","143.85K","1.29%"
"02/17/2023","83.00","84.60","84.87","81.80","303.66K","-2.51%"
"02/16/2023","85.14","85.27","86.21","84.60","197.02K","-0.28%"
"02/15/2023","85.38","85.20","85.85","83.88","245.98K","-0.23%"
"02/14/2023","85.58","85.83","86.42","84.13","231.63K","-1.19%"
"02/13/2023","86.61","86.51","86.95","85.10","207.62K","0.25%"
"02/10/2023","86.39","84.22","86.90","83.93","297.34K","2.24%"
"02/09/2023","84.50","84.96","85.50","83.05","260.73K","-0.69%"
"02/08/2023","85.09","84.11","85.15","83.51","254.14K","1.67%"
"02/07/2023","83.69","81.26","84.13","81.19","290.98K","3.33%"
"02/06/2023","80.99","79.61","81.43","79.10","325.21K","1.31%"
"02/03/2023","79.94","82.27","84.20","79.62","330.32K","-2.71%"
"02/02/2023","82.17","83.34","83.61","81.25","287.09K","-0.81%"
"02/01/2023","82.84","85.56","86.21","82.37","348.66K","-1.95%"
"01/31/2023","84.49","85.18","85.25","83.73","11.89K","-0.48%"
"01/30/2023","84.90","86.88","87.48","84.66","65.55K","-2.03%"
"01/27/2023","86.66","87.65","88.95","85.69","107.08K","-0.93%"
"01/26/2023","87.47","86.35","88.01","85.74","139.10K","1.57%"
"01/25/2023","86.12","86.28","87.00","85.41","159.47K","-0.01%"
"01/24/2023","86.13","88.07","88.71","85.80","207.75K","-2.34%"
"01/23/2023","88.19","87.70","89.09","86.92","192.41K","0.64%"
"01/20/2023","87.63","86.42","87.79","85.58","212.92K","1.71%"
"01/19/2023","86.16","84.34","86.85","83.76","250.96K","1.39%"
"01/18/2023","84.98","86.45","87.85","84.36","288.15K","-1.09%"
"01/17/2023","85.92","84.20","86.82","84.04","238.30K","1.73%"
"01/16/2023","84.46","85.36","85.59","83.83","125.96K","-0.96%"
"01/13/2023","85.28","83.91","85.50","83.50","217.40K","1.49%"
"01/12/2023","84.03","82.88","84.62","82.37","264.07K","1.65%"
"01/11/2023","82.67","79.52","83.00","79.31","273.79K","3.21%"
"01/10/2023","80.10","79.54","80.89","78.81","244.35K","0.56%"
"01/09/2023","79.65","78.42","81.37","78.42","245.12K","1.37%"
"01/06/2023","78.57","78.80","80.59","78.05","215.42K","-0.15%"
"01/05/2023","78.69","78.16","79.97","77.61","259.58K","1.09%"
"01/04/2023","77.84","82.31","82.72","77.72","319.31K","-5.19%"
"01/03/2023","82.10","85.96","87.00","81.78","302.86K","-4.43%"
"12/30/2022","85.91","83.71","86.00","82.88","168.65K","4.44%"
"12/29/2022","82.26","82.88","83.14","81.28","10.99K","-1.20%"
"12/28/2022","83.26","84.60","84.76","81.92","57.56K","-1.68%"
"12/27/2022","84.68","85.00","86.10","84.19","160.09K","0.21%"
"12/23/2022","84.50","82.32","84.70","81.83","180.40K","3.47%"
"12/22/2022","81.67","82.93","84.21","81.35","211.18K","-1.10%"
"12/21/2022","82.58","80.53","82.92","80.06","178.09K","2.55%"
"12/20/2022","80.53","80.60","81.19","79.00","184.12K","0.49%"
"12/19/2022","80.14","79.49","81.19","79.02","164.92K","0.82%"
"12/16/2022","79.49","81.44","81.87","78.76","236.09K","-2.25%"
"12/15/2022","81.32","82.84","83.18","80.92","162.08K","-1.73%"
"12/14/2022","82.75","80.53","83.22","80.31","178.26K","2.34%"
"12/13/2022","80.86","78.53","81.34","78.41","201.46K","3.22%"
"12/12/2022","78.34","77.34","78.89","75.67","158.37K","2.27%"
"12/09/2022","76.60","77.15","77.81","75.64","157.00K","0.01%"
"12/08/2022","76.59","77.90","79.49","76.19","209.68K","-1.29%"
"12/07/2022","77.59","80.07","80.79","77.32","207.04K","-2.61%"
"12/06/2022","79.67","83.19","83.69","79.05","225.87K","-3.62%"
"12/05/2022","82.66","85.70","88.20","82.53","193.04K","-3.38%"
"12/02/2022","85.55","86.69","87.68","85.17","141.36K","-1.53%"
"12/01/2022","86.88","86.78","89.37","86.26","229.13K","1.70%"
"11/30/2022","85.43","83.77","85.67","83.61","9.05K","2.89%"
"11/29/2022","83.03","82.41","86.00","82.39","67.93K","-0.19%"
"11/28/2022","83.19","83.58","84.10","80.61","102.56K","-0.53%"
"11/25/2022","83.63","85.50","86.87","83.59","85.31K","-2.00%"
"11/24/2022","85.34","85.04","85.54","83.90","75.61K","-0.08%"
"11/23/2022","85.41","88.47","89.56","84.12","212.14K","-3.34%"
"11/22/2022","88.36","87.76","89.90","87.35","190.85K","1.04%"
"11/21/2022","87.45","87.74","87.98","82.31","354.60K","-0.19%"
"11/18/2022","87.62","90.10","90.63","85.80","379.66K","-2.41%"
"11/17/2022","89.78","92.73","92.91","89.53","313.53K","-3.32%"
"11/16/2022","92.86","94.11","94.79","91.67","257.62K","-1.07%"
"11/15/2022","93.86","92.59","95.77","91.53","317.50K","0.77%"
"11/14/2022","93.14","95.87","96.95","92.50","248.25K","-2.97%"
"11/11/2022","95.99","93.84","96.92","93.69","238.07K","2.48%"
"11/10/2022","93.67","92.53","94.32","91.73","278.53K","1.10%"
"11/09/2022","92.65","95.17","95.65","92.33","308.02K","-2.84%"
"11/08/2022","95.36","98.24","98.30","95.00","251.67K","-2.61%"
"11/07/2022","97.92","97.31","99.56","96.50","241.94K","-0.66%"
"11/04/2022","98.57","94.58","98.81","94.33","307.09K","4.12%"
"11/03/2022","94.67","95.36","95.98","94.19","229.12K","-1.55%"
"11/02/2022","96.16","94.85","96.50","94.01","253.00K","1.60%"
"11/01/2022","94.65","92.67","95.55","92.33","247.65K","-0.19%"
"10/31/2022","94.83","96.47","96.47","94.25","15.00K","-0.98%"
"10/28/2022","95.77","96.58","96.89","94.96","89.94K","-1.23%"
"10/27/2022","96.96","96.05","97.27","95.07","84.57K","1.33%"
"10/26/2022","95.69","92.91","96.25","92.06","138.00K","4.31%"
"10/25/2022","91.74","91.40","92.48","89.75","222.20K","0.58%"
"10/24/2022","91.21","91.23","92.30","89.01","178.75K","-0.14%"
"10/21/2022","91.34","90.48","91.72","89.17","181.51K","0.98%"
"10/20/2022","90.45","90.47","92.66","90.01","211.69K","-0.12%"
"10/19/2022","90.56","89.31","90.95","87.90","260.25K","2.21%"
"10/18/2022","88.60","90.53","91.22","87.52","247.36K","-1.75%"
"10/17/2022","90.18","90.20","91.79","89.49","163.34K","0.03%"
"10/14/2022","90.15","92.81","93.45","89.81","153.89K","-4.67%"
"10/13/2022","94.57","92.49","94.92","91.08","280.52K","2.29%"
"10/12/2022","92.45","93.72","95.17","91.56","257.66K","-1.95%"
"10/11/2022","94.29","95.93","96.46","93.11","259.03K","-1.98%"
"10/10/2022","96.19","98.75","98.75","95.60","215.37K","-1.77%"
"10/07/2022","97.92","94.71","98.58","93.94","269.40K","3.71%"
"10/06/2022","94.42","93.71","94.98","92.72","207.53K","1.12%"
"10/05/2022","93.37","91.89","93.96","90.76","296.20K","1.71%"
"10/04/2022","91.80","88.81","92.40","88.78","282.38K","3.31%"
"10/03/2022","88.86","86.35","89.82","86.35","270.69K","1.02%"
"09/30/2022","87.96","88.53","89.80","87.69","5.89K","-0.60%"
"09/29/2022","88.49","88.97","90.12","87.33","57.86K","-0.93%"
"09/28/2022","89.32","86.14","89.47","84.26","74.33K","5.24%"
"09/27/2022","84.87","82.84","85.84","82.81","252.52K","2.43%"
"09/26/2022","82.86","85.54","86.45","82.44","257.04K","-2.55%"
"09/23/2022","85.03","89.57","89.88","84.55","304.20K","-5.03%"
"09/22/2022","89.53","88.83","91.74","88.28","219.29K","0.82%"
"09/21/2022","88.80","89.57","92.23","88.31","247.64K","-0.67%"
"09/20/2022","89.40","90.85","91.57","88.56","209.16K","-2.83%"
"09/19/2022","92.00","91.43","92.57","88.50","138.53K","0.71%"
"09/16/2022","91.35","90.51","92.66","90.25","197.48K","0.56%"
"09/15/2022","90.84","94.65","94.66","90.03","257.62K","-3.46%"
"09/14/2022","94.10","93.40","95.80","91.93","259.90K","1.00%"
"09/13/2022","93.17","94.31","95.53","91.05","275.17K","-0.88%"
"09/12/2022","94.00","92.54","95.17","91.21","210.43K","1.25%"
"09/09/2022","92.84","88.62","93.12","88.60","202.94K","4.76%"
"09/08/2022","88.62","87.98","89.82","87.25","","0.70%"
"09/07/2022","88.00","92.81","93.80","87.40","300.20K","-5.20%"
"09/06/2022","92.83","95.19","95.94","92.30","225.95K","-3.04%"
"09/05/2022","95.74","93.02","96.99","93.02","144.26K","2.92%"
"09/02/2022","93.02","92.66","95.32","92.65","210.00K","0.71%"
"09/01/2022","92.36","95.18","95.68","91.81","297.55K","-4.28%"
"08/31/2022","96.49","99.79","100.46","95.44","10.07K","-1.38%"
"08/30/2022","97.84","102.88","103.48","96.63","356.10K","-4.95%"
"08/29/2022","102.93","98.96","103.22","98.25","211.63K","3.96%"
"08/26/2022","99.01","98.95","100.10","96.96","277.48K","0.56%"
"08/25/2022","98.46","100.79","101.53","98.23","223.98K","-1.87%"
"08/24/2022","100.34","99.30","100.89","98.27","233.92K","1.18%"
"08/23/2022","99.17","96.00","99.41","95.81","198.99K","3.51%"
"08/22/2022","95.81","95.36","96.66","92.00","186.81K","-0.94%"
"08/19/2022","96.72","96.68","97.88","94.25","178.60K","0.13%"
"08/18/2022","96.59","93.29","97.42","93.05","208.55K","3.14%"
"08/17/2022","93.65","92.67","94.48","91.51","199.19K","1.42%"
"08/16/2022","92.34","94.01","95.95","91.71","217.75K","-2.90%"
"08/15/2022","95.10","97.72","98.17","92.78","217.57K","-3.11%"
"08/12/2022","98.15","99.33","100.38","96.94","188.13K","-1.46%"
"08/11/2022","99.60","97.04","100.17","96.63","219.42K","2.26%"
"08/10/2022","97.40","96.34","97.97","93.63","247.74K","1.13%"
"08/09/2022","96.31","96.36","98.40","94.90","219.67K","-0.35%"
"08/08/2022","96.65","94.51","96.82","93.01","201.25K","1.82%"
"08/05/2022","94.92","93.65","96.40","92.78","216.20K","0.85%"
"08/04/2022","94.12","97.10","97.66","93.20","264.81K","-2.75%"
"08/03/2022","96.78","99.73","102.41","96.50","293.11K","-3.74%"
"08/02/2022","100.54","99.87","102.41","98.49","229.68K","0.51%"
"08/01/2022","100.03","103.92","104.43","99.09","272.84K","-9.07%"
"07/29/2022","110.01","108.00","110.67","106.90","9.13K","2.68%"
"07/28/2022","107.14","107.31","109.06","106.00","80.84K","0.49%"
"07/27/2022","106.62","104.75","107.86","103.73","77.69K","2.13%"
"07/26/2022","104.40","104.73","107.34","103.99","110.00K","-0.71%"
"07/25/2022","105.15","103.85","105.38","101.64","123.67K","1.89%"
"07/22/2022","103.20","103.86","105.72","101.90","137.24K","-0.64%"
"07/21/2022","103.86","106.49","106.78","101.50","228.70K","-2.86%"
"07/20/2022","106.92","107.07","107.45","105.08","186.70K","-0.40%"
"07/19/2022","107.35","105.74","107.61","103.60","226.40K","1.02%"
"07/18/2022","106.27","100.82","106.48","99.46","213.50K","5.05%"
"07/15/2022","101.16","99.91","102.64","98.17","218.09K","2.08%"
"07/14/2022","99.10","99.43","100.39","94.50","318.79K","-0.47%"
"07/13/2022","99.57","98.50","101.21","98.28","247.47K","0.08%"
"07/12/2022","99.49","106.25","106.56","98.90","275.62K","-7.11%"
"07/11/2022","107.10","107.00","107.70","103.64","194.66K","0.07%"
"07/08/2022","107.02","104.65","107.47","103.67","238.35K","2.26%"
"07/07/2022","104.65","100.14","106.35","98.50","279.66K","3.93%"
"07/06/2022","100.69","104.88","105.85","98.50","350.30K","-2.02%"
"07/05/2022","102.77","113.54","114.75","101.10","428.84K","-9.45%"
"07/04/2022","113.50","111.65","114.00","110.40","100.59K","1.68%"
"07/01/2022","111.63","109.49","112.45","108.03","235.42K","-2.77%"
"06/30/2022","114.81","116.01","116.67","114.22","7.11K","-1.25%"
"06/29/2022","116.26","117.96","120.41","115.20","54.34K","-1.46%"
"06/28/2022","117.98","115.74","118.27","115.72","65.76K","2.51%"
"06/27/2022","115.09","112.92","116.08","111.26","118.10K","1.74%"
"06/24/2022","113.12","110.04","114.00","109.24","134.18K","2.79%"
"06/23/2022","110.05","109.58","112.70","108.04","195.92K","-1.51%"
"06/22/2022","111.74","114.40","114.45","107.03","293.05K","-2.54%"
"06/21/2022","114.65","114.21","116.25","114.02","204.03K","0.46%"
"06/20/2022","114.13","113.88","114.50","111.52","161.60K","0.89%"
"06/17/2022","113.12","119.13","121.25","111.72","319.91K","-5.58%"
"06/16/2022","119.81","119.65","120.29","115.56","276.68K","1.10%"
"06/15/2022","118.51","120.79","121.88","117.75","231.06K","-2.20%"
"06/14/2022","121.17","121.88","125.19","118.91","291.26K","-0.90%"
"06/13/2022","122.27","121.94","123.70","118.93","257.11K","0.21%"
"06/10/2022","122.01","122.89","124.33","119.81","294.28K","-0.86%"
"06/09/2022","123.07","123.60","124.34","122.50","218.98K","-0.41%"
"06/08/2022","123.58","120.65","124.40","120.45","256.29K","2.50%"
"06/07/2022","120.57","119.94","121.37","118.55","276.72K","0.89%"
"06/06/2022","119.51","121.55","121.95","118.77","204.09K","-0.18%"
"06/03/2022","119.72","118.22","121.45","116.02","141.66K","1.79%"
"06/02/2022","117.61","115.02","118.46","112.45","216.90K","1.14%"
"06/01/2022","116.29","116.08","118.57","115.40","242.16K","-5.33%"
"05/31/2022","122.84","122.20","125.28","121.60","11.56K","0.96%"
"05/30/2022","121.67","119.28","122.01","118.98","42.41K","1.88%"
"05/27/2022","119.43","117.52","119.72","116.63","81.16K","1.73%"
"05/26/2022","117.40","114.35","118.00","113.85","123.58K","2.96%"
"05/25/2022","114.03","114.12","115.30","113.01","152.33K","0.41%"
"05/24/2022","113.56","112.79","114.63","111.70","191.73K","0.12%"
"05/23/2022","113.42","112.85","114.34","111.86","196.51K","0.77%"
"05/20/2022","112.55","111.45","113.23","110.52","180.89K","0.46%"
"05/19/2022","112.04","108.22","112.31","105.70","272.35K","2.69%"
"05/18/2022","109.11","112.91","114.15","108.35","245.04K","-2.52%"
"05/17/2022","111.93","114.42","115.69","111.09","277.89K","-2.02%"
"05/16/2022","114.24","111.67","114.79","108.84","218.44K","2.41%"
"05/13/2022","111.55","108.25","111.69","107.79","220.32K","3.82%"
"05/12/2022","107.45","107.67","108.71","104.69","264.26K","-0.06%"
"05/11/2022","107.51","101.51","108.29","101.30","287.53K","4.93%"
"05/10/2022","102.46","105.50","106.96","101.54","327.99K","-3.28%"
"05/09/2022","105.94","112.94","113.20","105.00","302.17K","-5.74%"
"05/06/2022","112.39","111.27","113.50","109.87","249.83K","1.34%"
"05/05/2022","110.90","110.55","114.00","109.20","279.88K","0.69%"
"05/04/2022","110.14","105.91","111.00","105.46","241.68K","4.93%"
"05/03/2022","104.97","107.61","108.32","104.62","184.20K","-2.43%"
"05/02/2022","107.58","106.30","108.46","103.10","151.34K","-1.61%"
"04/29/2022","109.34","107.55","110.30","107.00","12.02K","1.63%"
"04/28/2022","107.59","104.96","108.00","103.29","73.32K","2.16%"
"04/27/2022","105.32","105.45","106.33","103.27","67.06K","0.31%"
"04/26/2022","104.99","102.53","106.20","101.08","138.20K","2.61%"
"04/25/2022","102.32","105.49","105.85","99.48","156.35K","-4.06%"
"04/22/2022","106.65","108.26","108.76","105.54","125.87K","-1.55%"
"04/21/2022","108.33","107.07","109.80","106.76","185.38K","1.43%"
"04/20/2022","106.80","108.10","109.00","104.65","243.67K","-0.42%"
"04/19/2022","107.25","112.85","114.21","106.74","239.91K","-5.22%"
"04/18/2022","113.16","112.32","114.84","110.71","132.15K","1.31%"
"04/14/2022","111.70","108.29","112.39","106.63","210.18K","2.68%"
"04/13/2022","108.78","105.44","109.00","104.06","247.26K","3.96%"
"04/12/2022","104.64","99.35","105.60","98.90","273.95K","6.26%"
"04/11/2022","98.48","103.21","103.30","97.57","238.69K","-4.18%"
"04/08/2022","102.78","101.42","103.30","99.65","217.64K","2.19%"
"04/07/2022","100.58","101.78","103.59","98.41","296.03K","-0.48%"
"04/06/2022","101.07","105.70","108.67","100.54","286.52K","-5.22%"
"04/05/2022","106.64","108.51","109.90","104.53","203.06K","-0.83%"
"04/04/2022","107.53","104.08","108.68","102.89","218.68K","3.01%"
"04/01/2022","104.39","105.25","106.24","102.35","238.62K","-3.26%"
"03/31/2022","107.91","112.81","112.94","106.50","8.68K","-4.88%"
"03/30/2022","113.45","112.00","114.80","110.74","72.33K","2.92%"
"03/29/2022","110.23","110.10","114.83","104.84","93.68K","-2.00%"
"03/28/2022","112.48","119.90","119.90","109.06","150.82K","-6.77%"
"03/25/2022","120.65","118.88","120.92","115.16","133.46K","1.36%"
"03/24/2022","119.03","121.56","123.74","116.93","177.66K","-2.11%"
"03/23/2022","121.60","114.70","122.34","114.45","224.53K","5.30%"
"03/22/2022","115.48","117.04","119.48","112.64","204.66K","-0.12%"
"03/21/2022","115.62","107.50","116.80","107.06","196.49K","7.12%"
"03/18/2022","107.93","106.80","109.59","105.78","168.91K","1.21%"
"03/17/2022","106.64","98.61","107.50","97.75","200.95K","8.79%"
"03/16/2022","98.02","99.14","103.70","96.93","246.82K","-1.89%"
"03/15/2022","99.91","105.34","105.71","97.44","318.12K","-6.54%"
"03/14/2022","106.90","113.15","113.15","103.49","265.91K","-5.12%"
"03/11/2022","112.67","110.26","113.91","107.13","287.39K","3.05%"
"03/10/2022","109.33","112.65","118.36","109.00","352.34K","-1.63%"
"03/09/2022","111.14","130.28","131.64","105.60","521.58K","-13.16%"
"03/08/2022","127.98","124.56","133.15","121.31","469.99K","3.87%"
"03/07/2022","123.21","122.79","139.13","119.04","419.93K","4.32%"
"03/04/2022","118.11","114.23","118.98","109.62","334.41K","6.93%"
"03/03/2022","110.46","115.27","119.84","109.40","452.52K","-2.19%"
"03/02/2022","112.93","107.34","115.11","106.83","490.57K","7.58%"
"03/01/2022","104.97","98.43","107.67","98.30","492.51K","3.94%"
"02/28/2022","100.99","101.98","105.07","99.64","22.96K","3.12%"
"02/25/2022","97.93","100.69","101.99","96.00","68.98K","-1.16%"
"02/24/2022","99.08","98.08","105.79","97.56","167.79K","2.31%"
"02/23/2022","96.84","96.65","98.71","95.81","238.63K","0.00%"
"02/22/2022","96.84","96.55","99.50","95.80","316.38K","1.52%"
"02/21/2022","95.39","94.29","97.40","92.57","217.04K","1.98%"
"02/18/2022","93.54","92.73","94.15","90.12","348.35K","0.61%"
"02/17/2022","92.97","92.20","94.50","92.14","347.79K","-1.94%"
"02/16/2022","94.81","93.49","96.07","91.11","393.79K","1.64%"
"02/15/2022","93.28","95.81","96.26","92.06","378.25K","-3.32%"
"02/14/2022","96.48","95.20","96.78","93.44","373.09K","2.16%"
"02/11/2022","94.44","91.17","95.66","90.51","452.11K","3.31%"
"02/10/2022","91.41","91.75","93.10","90.88","369.01K","-0.15%"
"02/09/2022","91.55","91.08","92.09","90.05","294.00K","0.85%"
"02/08/2022","90.78","92.63","92.93","89.93","368.55K","-2.06%"
"02/07/2022","92.69","92.75","94.00","92.13","317.29K","-0.62%"
"02/04/2022","93.27","91.30","93.70","91.20","322.13K","2.37%"
"02/03/2022","91.11","89.07","91.30","88.02","301.79K","1.83%"
"02/02/2022","89.47","89.48","90.52","88.28","319.43K","0.35%"
"02/01/2022","89.16","89.62","89.96","87.72","271.77K","-2.25%"
"01/31/2022","91.21","90.80","91.48","90.61","11.01K","1.31%"
"01/28/2022","90.03","89.98","91.70","89.41","102.01K","0.77%"
"01/27/2022","89.34","89.70","91.04","89.00","131.70K","-0.69%"
"01/26/2022","89.96","87.95","90.47","87.79","260.11K","2.00%"
"01/25/2022","88.20","86.76","88.37","86.20","256.21K","2.24%"
"01/24/2022","86.27","87.93","88.90","85.04","309.89K","-1.84%"
"01/21/2022","87.89","86.75","88.23","85.71","288.21K","-0.55%"
"01/20/2022","88.38","87.89","89.50","87.05","279.52K","-0.07%"
"01/19/2022","88.44","88.65","89.17","87.61","350.94K","1.06%"
"01/18/2022","87.51","86.47","88.66","86.44","356.88K","1.19%"
"01/17/2022","86.48","86.15","86.71","85.54","139.82K","0.49%"
"01/14/2022","86.06","84.12","86.50","83.99","304.72K","1.88%"
"01/13/2022","84.47","84.87","85.10","83.79","265.20K","-0.24%"
"01/12/2022","84.67","83.78","85.21","83.52","301.39K","1.13%"
"01/11/2022","83.72","81.08","83.98","80.89","324.94K","3.52%"
"01/10/2022","80.87","81.76","82.30","80.50","300.65K","-1.08%"
"01/07/2022","81.75","82.00","83.00","81.42","286.11K","-0.29%"
"01/06/2022","81.99","80.22","82.83","79.61","353.16K","1.47%"
"01/05/2022","80.80","80.07","81.50","79.51","331.74K","1.00%"
"01/04/2022","80.00","78.91","80.55","78.62","291.68K","1.29%"
"01/03/2022","78.98","78.11","79.28","77.04","201.03K","1.54%"
"12/31/2021","77.78","78.81","79.68","77.55","148.96K","-1.94%"
"12/30/2021","79.32","79.19","79.66","78.50","10.90K","0.11%"
"12/29/2021","79.23","79.28","80.17","78.13","69.63K","0.37%"
"12/28/2021","78.94","78.67","79.85","78.48","50.41K","0.43%"
"12/27/2021","78.60","76.32","79.08","75.75","85.39K","3.23%"
"12/24/2021","76.14","76.72","76.79","75.75","30.54K","-0.92%"
"12/23/2021","76.85","75.47","77.00","74.78","161.24K","2.07%"
"12/22/2021","75.29","74.05","75.67","73.62","166.71K","1.77%"
"12/21/2021","73.98","71.88","74.27","71.24","214.07K","3.44%"
"12/20/2021","71.52","72.82","72.87","69.28","333.76K","-2.72%"
"12/17/2021","73.52","74.50","74.98","72.65","231.41K","-2.00%"
"12/16/2021","75.02","74.47","75.61","74.00","223.64K","1.54%"
"12/15/2021","73.88","73.25","74.58","72.50","233.19K","0.24%"
"12/14/2021","73.70","74.42","75.16","72.57","277.86K","-0.93%"
"12/13/2021","74.39","75.37","76.39","74.20","265.51K","-1.01%"
"12/10/2021","75.15","73.99","75.71","73.80","221.36K","0.98%"
"12/09/2021","74.42","75.94","76.70","73.84","283.39K","-1.85%"
"12/08/2021","75.82","75.44","76.37","74.38","322.08K","0.50%"
"12/07/2021","75.44","73.60","76.27","73.20","312.28K","3.23%"
"12/06/2021","73.08","70.24","73.80","70.24","255.40K","4.58%"
"12/03/2021","69.88","70.22","72.62","69.24","331.82K","0.30%"
"12/02/2021","69.67","69.72","70.70","65.72","526.60K","1.16%"
"12/01/2021","68.87","69.80","72.87","68.14","420.40K","-2.41%"
"11/30/2021","70.57","74.42","74.56","70.22","24.82K","-3.91%"
"11/29/2021","73.44","73.88","77.02","72.41","126.35K","0.99%"
"11/26/2021","72.72","81.65","81.66","72.14","170.78K","-11.55%"
"11/25/2021","82.22","82.24","82.58","81.70","80.45K","-0.04%"
"11/24/2021","82.25","81.88","83.00","81.74","231.07K","-0.07%"
"11/23/2021","82.31","79.51","82.60","78.55","366.60K","3.27%"
"11/22/2021","79.70","78.58","80.07","77.58","350.90K","1.03%"
"11/19/2021","78.89","81.00","82.24","78.05","479.93K","-2.89%"
"11/18/2021","81.24","80.10","81.41","79.28","306.85K","1.20%"
"11/17/2021","80.28","82.05","82.22","79.78","406.75K","-2.61%"
"11/16/2021","82.43","82.00","83.14","81.52","340.72K","0.46%"
"11/15/2021","82.05","81.92","82.49","80.67","273.72K","-0.15%"
"11/12/2021","82.17","82.83","82.87","81.26","289.30K","-0.84%"
"11/11/2021","82.87","82.85","83.44","81.66","336.14K","0.28%"
"11/10/2021","82.64","84.99","85.50","82.08","366.31K","-2.52%"
"11/09/2021","84.78","83.47","85.30","83.16","346.57K","1.62%"
"11/08/2021","83.43","82.58","84.00","82.53","269.60K","0.83%"
"11/05/2021","82.74","81.25","83.16","80.26","379.69K","2.73%"
"11/04/2021","80.54","81.58","84.49","80.20","472.43K","-1.77%"
"11/03/2021","81.99","84.07","84.20","81.10","380.11K","-3.22%"
"11/02/2021","84.72","84.45","85.23","83.76","317.07K","0.01%"
"11/01/2021","84.71","83.63","85.12","83.03","302.90K","0.39%"
"10/29/2021","84.38","84.33","84.83","83.79","22.77K","0.07%"
"10/28/2021","84.32","84.21","84.59","82.32","118.14K","-0.31%"
"10/27/2021","84.58","86.07","86.28","84.05","149.75K","-2.11%"
"10/26/2021","86.40","86.03","86.50","85.27","222.56K","0.48%"
"10/25/2021","85.99","85.65","86.70","85.43","294.55K","0.54%"
"10/22/2021","85.53","84.52","85.93","83.82","298.35K","1.09%"
"10/21/2021","84.61","85.90","86.10","83.36","373.65K","-1.41%"
"10/20/2021","85.82","85.19","85.89","83.61","378.69K","0.87%"
"10/19/2021","85.08","84.21","85.40","83.70","371.79K","0.89%"
"10/18/2021","84.33","84.95","86.04","83.95","340.96K","-0.62%"
"10/15/2021","84.86","84.30","85.10","84.16","276.47K","1.02%"
"10/14/2021","84.00","83.45","84.50","83.18","316.64K","0.99%"
"10/13/2021","83.18","83.10","83.69","82.20","333.68K","-0.29%"
"10/12/2021","83.42","83.49","84.23","82.72","331.41K","-0.27%"
"10/11/2021","83.65","82.65","84.60","82.54","330.44K","1.53%"
"10/08/2021","82.39","82.38","83.43","81.96","360.97K","0.54%"
"10/07/2021","81.95","80.98","82.50","79.08","393.10K","1.07%"
"10/06/2021","81.08","82.57","83.47","80.60","401.36K","-1.79%"
"10/05/2021","82.56","81.27","83.13","81.19","340.27K","1.60%"
"10/04/2021","81.26","79.49","82.00","78.75","362.37K","2.50%"
"10/01/2021","79.28","78.49","79.41","77.55","282.37K","0.97%"
"09/30/2021","78.52","78.46","79.11","77.60","20.51K","-0.15%"
"09/29/2021","78.64","78.25","79.40","77.50","97.97K","-0.57%"
"09/28/2021","79.09","79.40","80.75","78.10","132.33K","-0.55%"
"09/27/2021","79.53","78.25","79.90","78.21","231.13K","1.84%"
"09/24/2021","78.09","77.26","78.24","76.85","163.23K","1.09%"
"09/23/2021","77.25","75.90","77.35","75.60","226.59K","1.39%"
"09/22/2021","76.19","74.56","76.26","74.49","255.75K","2.46%"
"09/21/2021","74.36","74.33","75.18","73.26","258.71K","0.60%"
"09/20/2021","73.92","75.33","75.40","73.52","313.75K","-1.88%"
"09/17/2021","75.34","75.68","75.78","74.58","254.86K","-0.44%"
"09/16/2021","75.67","75.46","75.87","74.48","236.51K","0.28%"
"09/15/2021","75.46","73.92","76.13","73.78","289.45K","2.53%"
"09/14/2021","73.60","73.62","74.28","73.08","278.58K","0.12%"
"09/13/2021","73.51","72.88","73.92","72.69","244.73K","0.81%"
"09/10/2021","72.92","71.37","73.15","70.94","250.51K","2.06%"
"09/09/2021","71.45","72.61","73.20","70.88","377.81K","-1.58%"
"09/08/2021","72.60","71.64","72.95","71.55","325.36K","1.27%"
"09/07/2021","71.69","72.29","72.81","71.10","257.40K","-0.73%"
"09/06/2021","72.22","72.57","72.78","71.51","127.87K","-0.54%"
"09/03/2021","72.61","72.86","73.69","72.40","211.42K","-0.58%"
"09/02/2021","73.03","71.31","73.47","70.92","255.42K","2.01%"
"09/01/2021","71.59","71.68","72.38","70.42","282.49K","-1.92%"
"08/31/2021","72.99","73.14","73.52","72.62","12.59K","-0.57%"
"08/30/2021","73.41","73.25","73.69","72.00","68.66K","0.98%"
"08/27/2021","72.70","71.53","72.76","71.17","92.20K","2.29%"
"08/26/2021","71.07","71.94","72.13","70.66","179.57K","-1.63%"
"08/25/2021","72.25","71.00","72.42","70.50","242.07K","1.69%"
"08/24/2021","71.05","68.66","71.27","68.53","301.30K","3.35%"
"08/23/2021","68.75","64.97","68.90","64.60","271.56K","5.48%"
"08/20/2021","65.18","66.54","66.93","64.94","254.45K","-1.91%"
"08/19/2021","66.45","67.57","67.64","65.57","345.97K","-2.61%"
"08/18/2021","68.23","68.96","70.04","67.23","316.98K","-1.16%"
"08/17/2021","69.03","69.77","70.00","68.82","239.96K","-0.69%"
"08/16/2021","69.51","70.05","70.45","68.14","294.02K","-1.53%"
"08/13/2021","70.59","71.12","71.38","70.00","202.42K","-1.01%"
"08/12/2021","71.31","71.57","71.90","70.67","224.99K","-0.18%"
"08/11/2021","71.44","70.83","71.72","69.07","324.04K","1.15%"
"08/10/2021","70.63","69.35","71.24","68.94","246.13K","2.30%"
"08/09/2021","69.04","70.26","70.26","67.60","353.68K","-2.35%"
"08/06/2021","70.70","71.20","72.43","70.28","298.96K","-0.83%"
"08/05/2021","71.29","70.27","71.50","69.75","261.05K","1.29%"
"08/04/2021","70.38","72.33","72.83","70.11","370.13K","-2.80%"
"08/03/2021","72.41","73.08","73.55","71.05","303.73K","-0.66%"
"08/02/2021","72.89","75.39","75.39","72.31","304.87K","-4.51%"
"07/30/2021","76.33","75.81","76.38","75.38","14.39K","0.37%"
"07/29/2021","76.05","74.76","76.15","74.63","78.27K","1.75%"
"07/28/2021","74.74","74.77","75.32","74.42","111.62K","0.35%"
"07/27/2021","74.48","74.67","75.05","74.02","181.94K","-0.03%"
"07/26/2021","74.50","74.12","74.84","72.75","210.64K","0.54%"
"07/23/2021","74.10","73.56","74.22","73.32","181.66K","0.42%"
"07/22/2021","73.79","72.24","73.90","71.74","251.60K","2.16%"
"07/21/2021","72.23","68.92","72.38","68.63","306.32K","4.15%"
"07/20/2021","69.35","68.99","69.73","67.44","316.48K","1.06%"
"07/19/2021","68.62","72.86","73.34","67.75","510.92K","-6.75%"
"07/16/2021","73.59","73.18","74.09","72.34","292.66K","0.16%"
"07/15/2021","73.47","74.50","74.59","73.19","322.33K","-1.73%"
"07/14/2021","74.76","76.28","76.72","73.79","376.94K","-2.26%"
"07/13/2021","76.49","75.25","76.60","74.93","275.91K","1.77%"
"07/12/2021","75.16","75.79","75.84","74.23","262.30K","-0.52%"
"07/09/2021","75.55","74.39","75.80","73.80","248.18K","1.93%"
"07/08/2021","74.12","73.35","74.40","72.11","314.34K","0.94%"
"07/07/2021","73.43","74.69","75.99","72.60","387.43K","-1.48%"
"07/06/2021","74.53","77.06","77.84","74.13","410.70K","-3.41%"
"07/05/2021","77.16","76.23","77.26","75.70","157.22K","1.30%"
"07/02/2021","76.17","75.64","76.43","75.21","236.22K","0.44%"
"07/01/2021","75.84","74.69","76.74","74.55","405.16K","0.95%"
"06/30/2021","75.13","75.18","75.60","74.39","15.06K","0.49%"
"06/29/2021","74.76","74.67","75.51","73.90","94.94K","0.11%"
"06/28/2021","74.68","75.99","76.60","74.51","142.11K","-1.97%"
"06/25/2021","76.18","75.54","76.21","74.95","172.41K","0.82%"
"06/24/2021","75.56","75.30","75.78","74.51","165.05K","0.49%"
"06/23/2021","75.19","74.75","76.02","74.70","229.04K","0.51%"
"06/22/2021","74.81","74.88","75.30","74.32","294.72K","-0.12%"
"06/21/2021","74.90","73.33","74.95","72.98","265.47K","1.89%"
"06/18/2021","73.51","73.00","73.76","72.18","231.55K","0.59%"
"06/17/2021","73.08","73.80","74.50","72.01","336.64K","-1.76%"
"06/16/2021","74.39","74.26","74.96","73.86","306.09K","0.54%"
"06/15/2021","73.99","73.03","74.33","72.79","228.62K","1.55%"
"06/14/2021","72.86","72.70","73.64","72.59","200.72K","0.23%"
"06/11/2021","72.69","72.41","73.09","71.88","276.48K","0.23%"
"06/10/2021","72.52","72.03","72.93","70.95","346.58K","0.42%"
"06/09/2021","72.22","72.17","72.87","71.82","266.37K","0.00%"
"06/08/2021","72.22","71.42","72.42","70.71","285.23K","1.02%"
"06/07/2021","71.49","71.82","72.27","71.10","224.33K","-0.56%"
"06/04/2021","71.89","71.25","72.17","70.73","222.00K","0.81%"
"06/03/2021","71.31","71.27","71.99","70.66","229.79K","-0.06%"
"06/02/2021","71.35","70.55","71.48","70.35","221.63K","1.57%"
"06/01/2021","70.25","69.39","71.34","69.29","302.49K","1.34%"
"05/31/2021","69.32","68.98","69.82","68.75","80.18K","-0.45%"
"05/28/2021","69.63","69.69","69.92","69.26","21.26K","0.24%"
"05/27/2021","69.46","68.78","69.51","68.11","86.51K","0.86%"
"05/26/2021","68.87","68.55","69.17","68.02","134.62K","0.32%"
"05/25/2021","68.65","68.47","68.90","67.83","183.13K","0.28%"
"05/24/2021","68.46","66.72","68.64","66.46","227.25K","3.04%"
"05/21/2021","66.44","65.22","66.94","64.57","257.64K","2.04%"
"05/20/2021","65.11","66.63","67.17","64.80","388.16K","-2.33%"
"05/19/2021","66.66","68.41","68.46","65.30","386.89K","-2.98%"
"05/18/2021","68.71","69.61","70.24","67.28","378.02K","-1.08%"
"05/17/2021","69.46","68.92","69.62","68.18","230.78K","1.09%"
"05/14/2021","68.71","67.00","68.89","66.50","286.13K","2.48%"
"05/13/2021","67.05","68.88","69.04","66.48","312.00K","-3.27%"
"05/12/2021","69.32","68.78","69.90","68.18","310.30K","1.12%"
"05/11/2021","68.55","68.29","68.75","67.13","321.86K","0.34%"
"05/10/2021","68.32","68.74","69.20","67.41","265.60K","0.06%"
"05/07/2021","68.28","68.26","68.65","67.39","262.58K","0.28%"
"05/06/2021","68.09","68.47","69.37","67.93","273.28K","-1.26%"
"05/05/2021","68.96","69.35","69.95","68.35","283.73K","0.12%"
"05/04/2021","68.88","67.75","69.50","67.37","249.64K","1.95%"
"05/03/2021","67.56","66.70","67.82","66.10","148.71K","0.46%"
"04/30/2021","67.25","68.33","68.40","67.06","14.84K","-1.91%"
"04/29/2021","68.56","67.18","68.95","67.13","91.52K","1.92%"
"04/28/2021","67.27","66.58","67.85","66.13","148.95K","1.28%"
"04/27/2021","66.42","65.76","66.80","65.66","222.92K","1.17%"
"04/26/2021","65.65","66.10","66.26","64.57","257.58K","-0.70%"
"04/23/2021","66.11","65.80","66.30","65.16","187.90K","1.09%"
"04/22/2021","65.40","65.13","65.83","64.58","242.47K","0.12%"
"04/21/2021","65.32","66.22","66.52","64.96","260.88K","-1.88%"
"04/20/2021","66.57","67.20","68.08","65.51","328.24K","-0.72%"
"04/19/2021","67.05","66.70","67.23","66.17","193.81K","0.42%"
"04/16/2021","66.77","66.86","67.38","66.44","212.20K","-0.25%"
"04/15/2021","66.94","66.38","67.03","65.95","240.31K","0.54%"
"04/14/2021","66.58","64.01","66.90","63.88","323.04K","4.57%"
"04/13/2021","63.67","63.24","64.19","63.18","242.41K","0.62%"
"04/12/2021","63.28","63.03","64.31","62.41","257.84K","0.52%"
"04/09/2021","62.95","63.28","63.49","62.57","216.24K","-0.40%"
"04/08/2021","63.20","63.02","63.43","62.38","265.18K","0.06%"
"04/07/2021","63.16","62.60","63.55","61.60","321.39K","0.67%"
"04/06/2021","62.74","62.32","64.28","62.08","307.87K","0.95%"
"04/05/2021","62.15","64.57","64.81","61.25","231.78K","-4.18%"
"04/01/2021","64.86","63.12","65.17","62.38","480.37K","2.08%"
"03/31/2021","63.54","64.13","64.79","63.53","9.70K","-0.94%"
"03/30/2021","64.14","65.20","65.41","63.52","74.36K","-1.29%"
"03/29/2021","64.98","64.58","65.46","63.13","91.75K","0.63%"
"03/26/2021","64.57","62.01","64.89","61.85","147.74K","4.23%"
"03/25/2021","61.95","63.99","64.19","60.98","202.58K","-3.82%"
"03/24/2021","64.41","60.50","64.57","60.47","255.12K","5.95%"
"03/23/2021","60.79","64.30","64.30","60.27","392.60K","-5.93%"
"03/22/2021","64.62","64.53","65.12","63.45","236.34K","0.14%"
"03/19/2021","64.53","62.99","64.95","62.07","446.11K","1.98%"
"03/18/2021","63.28","67.77","68.15","61.45","516.08K","-6.94%"
"03/17/2021","68.00","68.39","68.89","66.96","309.76K","-0.57%"
"03/16/2021","68.39","68.81","68.94","67.36","248.99K","-0.71%"
"03/15/2021","68.88","69.08","70.03","67.82","262.60K","-0.49%"
"03/12/2021","69.22","69.59","69.90","69.03","251.54K","-0.59%"
"03/11/2021","69.63","68.45","69.84","67.99","289.61K","2.55%"
"03/10/2021","67.90","67.46","68.42","66.50","361.94K","0.56%"
"03/09/2021","67.52","68.13","69.33","67.12","302.61K","-1.06%"
"03/08/2021","68.24","69.97","71.38","67.80","352.59K","-1.61%"
"03/05/2021","69.36","67.16","69.69","66.67","361.76K","3.93%"
"03/04/2021","66.74","64.10","67.75","63.33","510.68K","4.17%"
"03/03/2021","64.07","62.38","64.70","62.38","341.67K","2.19%"
"03/02/2021","62.70","63.12","64.13","62.38","367.12K","-1.55%"
"03/01/2021","63.69","64.85","65.93","63.17","291.91K","-3.69%"
"02/26/2021","66.13","66.89","66.90","65.72","16.10K","-1.12%"
"02/25/2021","66.88","67.20","67.70","66.48","109.65K","-0.24%"
"02/24/2021","67.04","65.06","67.31","64.80","129.71K","2.55%"
"02/23/2021","65.37","65.51","66.79","64.47","231.18K","0.20%"
"02/22/2021","65.24","62.68","65.85","62.55","213.75K","3.70%"
"02/19/2021","62.91","63.30","63.94","62.09","305.83K","-1.60%"
"02/18/2021","63.93","65.02","65.52","63.22","420.56K","-0.64%"
"02/17/2021","64.34","63.15","64.96","62.73","391.26K","1.56%"
"02/16/2021","63.35","63.47","63.70","62.69","284.67K","0.08%"
"02/15/2021","63.30","62.83","63.76","62.82","220.38K","1.39%"
"02/12/2021","62.43","60.82","62.83","60.35","307.72K","2.11%"
"02/11/2021","61.14","61.01","61.50","60.72","209.69K","-0.54%"
"02/10/2021","61.47","61.21","61.69","60.87","287.71K","0.62%"
"02/09/2021","61.09","60.80","61.34","60.05","319.50K","0.88%"
"02/08/2021","60.56","59.43","60.72","59.43","269.31K","2.06%"
"02/05/2021","59.34","59.17","59.79","59.08","229.42K","0.85%"
"02/04/2021","58.84","58.59","59.12","58.04","244.07K","0.65%"
"02/03/2021","58.46","57.85","58.94","57.50","276.86K","1.74%"
"02/02/2021","57.46","56.35","58.05","56.33","337.68K","1.97%"
"02/01/2021","56.35","54.91","56.53","54.60","288.25K","0.84%"
"01/29/2021","55.88","55.52","56.37","55.31","19.94K","0.63%"
"01/28/2021","55.53","55.41","56.59","55.31","122.48K","-0.50%"
"01/27/2021","55.81","56.05","56.49","55.20","132.41K","-0.18%"
"01/26/2021","55.91","55.93","56.34","55.39","163.20K","0.05%"
"01/25/2021","55.88","55.26","56.02","55.07","198.27K","0.85%"
"01/22/2021","55.41","56.00","56.03","54.48","269.37K","-1.23%"
"01/21/2021","56.10","55.82","56.24","55.49","254.59K","0.04%"
"01/20/2021","56.08","56.07","56.64","55.66","310.89K","0.32%"
"01/19/2021","55.90","55.01","56.08","54.89","261.10K","2.10%"
"01/18/2021","54.75","54.75","55.21","54.49","142.87K","-0.64%"
"01/15/2021","55.10","56.41","56.50","54.64","298.41K","-2.34%"
"01/14/2021","56.42","55.93","56.57","55.24","331.29K","0.64%"
"01/13/2021","56.06","56.83","57.42","55.77","324.30K","-0.92%"
"01/12/2021","56.58","55.66","56.79","55.51","288.14K","1.65%"
"01/11/2021","55.66","56.24","56.39","54.99","295.07K","-0.59%"
"01/08/2021","55.99","54.56","56.36","54.34","336.65K","2.96%"
"01/07/2021","54.38","54.13","54.90","53.94","267.19K","0.15%"
"01/06/2021","54.30","53.52","54.73","53.02","414.41K","1.31%"
"01/05/2021","53.60","50.95","53.90","50.70","455.35K","4.91%"
"01/04/2021","51.09","51.50","53.33","50.56","382.90K","-1.37%"
"12/31/2020","51.80","51.49","51.84","50.90","133.22K","0.90%"
"12/30/2020","51.34","51.32","51.56","51.04","17.63K","0.49%"
"12/29/2020","51.09","51.02","51.63","50.86","91.33K","0.45%"
"12/28/2020","50.86","51.25","52.02","50.53","81.06K","-0.84%"
"12/24/2020","51.29","51.11","51.77","50.62","96.69K","0.18%"
"12/23/2020","51.20","49.70","51.59","49.20","182.63K","2.24%"
"12/22/2020","50.08","50.65","50.86","49.56","194.10K","-1.63%"
"12/21/2020","50.91","52.22","52.32","49.20","288.74K","-2.58%"
"12/18/2020","52.26","51.43","52.48","51.13","246.12K","1.48%"
"12/17/2020","51.50","51.12","51.90","51.08","233.88K","0.82%"
"12/16/2020","51.08","50.64","51.20","50.34","222.74K","0.63%"
"12/15/2020","50.76","50.30","50.89","49.78","190.55K","0.93%"
"12/14/2020","50.29","50.05","50.80","49.13","236.96K","0.64%"
"12/11/2020","49.97","50.45","50.74","49.74","231.87K","-0.56%"
"12/10/2020","50.25","49.00","51.06","48.86","288.73K","2.84%"
"12/09/2020","48.86","48.84","49.55","48.40","267.79K","0.04%"
"12/08/2020","48.84","48.58","49.00","48.09","225.24K","0.10%"
"12/07/2020","48.79","49.23","49.43","48.40","207.51K","-0.93%"
"12/04/2020","49.25","48.96","49.92","48.84","253.64K","1.11%"
"12/03/2020","48.71","48.00","48.94","47.67","274.73K","0.95%"
"12/02/2020","48.25","47.05","48.76","46.82","285.74K","1.75%"
"12/01/2020","47.42","47.79","48.30","46.88","258.69K","-0.36%"
"11/30/2020","47.59","47.91","47.99","46.85","20.68K","-1.22%"
"11/27/2020","48.18","47.81","48.44","47.34","87.75K","0.79%"
"11/26/2020","47.80","48.76","49.09","47.53","88.76K","-1.67%"
"11/25/2020","48.61","47.80","49.06","47.72","231.03K","1.57%"
"11/24/2020","47.86","45.90","48.03","45.89","263.24K","3.91%"
"11/23/2020","46.06","45.08","46.12","44.89","267.25K","2.45%"
"11/20/2020","44.96","44.15","45.24","44.05","264.01K","1.72%"
"11/19/2020","44.20","43.96","44.57","43.79","210.30K","-0.32%"
"11/18/2020","44.34","43.75","44.89","43.48","242.88K","1.35%"
"11/17/2020","43.75","43.89","44.25","43.08","226.35K","-0.16%"
"11/16/2020","43.82","42.71","44.67","42.71","268.43K","2.43%"
"11/13/2020","42.78","43.20","43.34","42.63","216.74K","-1.72%"
"11/12/2020","43.53","43.73","44.50","43.26","266.04K","-0.62%"
"11/11/2020","43.80","43.77","45.30","43.60","346.77K","0.44%"
"11/10/2020","43.61","41.75","44.11","41.71","315.25K","2.85%"
"11/09/2020","42.40","39.65","43.48","39.46","393.05K","7.48%"
"11/06/2020","39.45","40.63","40.69","39.34","255.44K","-3.62%"
"11/05/2020","40.93","40.96","41.53","40.33","219.20K","-0.73%"
"11/04/2020","41.23","40.13","41.33","39.42","250.87K","3.83%"
"11/03/2020","39.71","39.26","40.45","38.65","278.63K","1.90%"
"11/02/2020","38.97","37.37","39.36","35.74","326.07K","4.03%"
"10/30/2020","37.46","37.50","38.10","36.80","20.19K","-0.50%"
"10/29/2020","37.65","39.16","39.45","36.64","112.49K","-3.76%"
"10/28/2020","39.12","40.61","40.70","38.75","163.83K","-5.05%"
"10/27/2020","41.20","40.50","41.47","40.40","207.54K","1.83%"
"10/26/2020","40.46","41.53","41.63","40.22","210.53K","-3.14%"
"10/23/2020","41.77","42.40","42.80","41.50","205.21K","-1.63%"
"10/22/2020","42.46","41.59","42.79","41.46","257.20K","1.75%"
"10/21/2020","41.73","42.91","43.04","41.45","268.88K","-3.31%"
"10/20/2020","43.16","42.45","43.30","42.19","252.05K","1.27%"
"10/19/2020","42.62","42.69","43.23","42.36","209.06K","-0.72%"
"10/16/2020","42.93","43.10","43.21","42.27","197.16K","-0.53%"
"10/15/2020","43.16","43.45","43.48","41.56","295.28K","-0.37%"
"10/14/2020","43.32","42.43","43.45","42.13","279.12K","2.05%"
"10/13/2020","42.45","41.81","42.68","41.66","227.85K","1.75%"
"10/12/2020","41.72","42.60","42.71","41.36","238.87K","-2.64%"
"10/09/2020","42.85","43.36","43.57","42.61","254.62K","-1.13%"
"10/08/2020","43.34","42.15","43.47","41.86","266.26K","3.22%"
"10/07/2020","41.99","41.85","42.42","41.36","241.20K","-1.55%"
"10/06/2020","42.65","41.41","42.84","41.22","291.68K","3.29%"
"10/05/2020","41.29","39.19","41.78","39.14","273.76K","5.14%"
"10/02/2020","39.27","40.65","40.77","38.79","337.41K","-4.06%"
"10/01/2020","40.93","42.17","42.56","39.92","338.72K","-0.05%"
"09/30/2020","40.95","40.66","40.98","40.30","19.38K","-0.19%"
"09/29/2020","41.03","42.47","42.52","40.43","91.60K","-3.30%"
"09/28/2020","42.43","41.87","42.62","41.48","91.82K","1.22%"
"09/25/2020","41.92","41.85","42.33","41.52","129.40K","-0.05%"
"09/24/2020","41.94","41.36","42.02","41.27","162.93K","0.41%"
"09/23/2020","41.77","41.67","42.62","41.21","183.88K","0.12%"
"09/22/2020","41.72","41.79","42.20","41.21","210.74K","0.68%"
"09/21/2020","41.44","43.01","43.30","40.96","217.36K","-3.96%"
"09/18/2020","43.15","43.22","43.80","42.53","204.66K","-0.35%"
"09/17/2020","43.30","42.32","43.50","41.50","237.40K","2.56%"
"09/16/2020","42.22","40.72","42.44","40.59","237.25K","4.17%"
"09/15/2020","40.53","39.70","40.82","39.39","214.80K","2.32%"
"09/14/2020","39.61","39.78","40.09","39.30","200.09K","-0.55%"
"09/11/2020","39.83","39.96","40.34","39.38","211.88K","-0.57%"
"09/10/2020","40.06","40.58","40.96","39.71","208.86K","-1.79%"
"09/09/2020","40.79","39.65","41.20","39.37","278.22K","2.54%"
"09/08/2020","39.78","42.08","42.23","39.31","363.53K","-5.31%"
"09/07/2020","42.01","42.20","42.43","41.51","122.98K","-1.52%"
"09/04/2020","42.66","43.76","44.54","42.30","270.96K","-3.20%"
"09/03/2020","44.07","44.65","44.65","43.15","274.93K","-0.81%"
"09/02/2020","44.43","45.83","46.05","44.20","260.14K","-2.52%"
"09/01/2020","45.58","45.60","46.22","45.47","206.72K","0.66%"
"08/31/2020","45.28","45.80","46.53","45.21","174.31K","0.51%"
"08/28/2020","45.05","45.10","45.30","44.80","21.14K","-0.09%"
"08/27/2020","45.09","45.70","45.87","44.56","102.26K","-1.21%"
"08/26/2020","45.64","45.97","46.10","45.54","132.51K","-0.48%"
"08/25/2020","45.86","45.12","46.07","45.08","178.31K","1.62%"
"08/24/2020","45.13","44.50","45.18","44.29","176.64K","1.76%"
"08/21/2020","44.35","45.03","45.08","43.59","221.99K","-1.22%"
"08/20/2020","44.90","45.14","45.18","44.02","249.74K","-1.04%"
"08/19/2020","45.37","45.17","45.48","44.81","174.88K","-0.20%"
"08/18/2020","45.46","45.27","45.55","44.76","181.69K","0.20%"
"08/17/2020","45.37","44.86","45.41","44.53","164.23K","1.27%"
"08/14/2020","44.80","45.29","45.29","44.47","151.46K","-0.36%"
"08/13/2020","44.96","45.32","45.58","44.82","148.41K","-1.03%"
"08/12/2020","45.43","44.62","45.63","44.49","166.48K","2.09%"
"08/11/2020","44.50","45.05","45.79","44.39","202.74K","-1.09%"
"08/10/2020","44.99","44.66","45.26","44.37","135.30K","1.33%"
"08/07/2020","44.40","45.15","45.30","44.27","171.72K","-1.53%"
"08/06/2020","45.09","45.32","45.71","44.85","184.52K","-0.18%"
"08/05/2020","45.17","44.28","46.23","44.24","246.98K","1.67%"
"08/04/2020","44.43","43.84","44.82","43.24","227.12K","0.63%"
"08/03/2020","44.15","43.53","44.46","42.89","198.70K","1.96%"
"07/31/2020","43.30","43.29","43.44","43.05","14.42K","0.84%"
"07/30/2020","42.94","43.73","43.80","41.38","63.20K","-1.85%"
"07/29/2020","43.75","43.31","43.95","43.20","64.92K","1.23%"
"07/28/2020","43.22","43.55","43.84","43.00","107.34K","-0.44%"
"07/27/2020","43.41","43.35","43.77","42.39","174.75K","0.16%"
"07/24/2020","43.34","43.27","43.90","42.79","191.05K","0.07%"
"07/23/2020","43.31","44.10","44.77","43.13","262.24K","-2.21%"
"07/22/2020","44.29","44.03","44.40","43.62","202.16K","-0.07%"
"07/21/2020","44.32","43.17","44.89","43.16","229.78K","2.40%"
"07/20/2020","43.28","43.08","43.45","42.36","179.43K","0.32%"
"07/17/2020","43.14","43.40","43.45","42.64","162.40K","-0.53%"
"07/16/2020","43.37","43.71","43.80","43.14","172.16K","-0.96%"
"07/15/2020","43.79","43.07","43.85","42.70","232.18K","2.07%"
"07/14/2020","42.90","42.24","43.22","41.80","221.12K","0.42%"
"07/13/2020","42.72","43.12","43.34","42.14","200.31K","-1.20%"
"07/10/2020","43.24","42.36","43.42","41.32","214.05K","2.10%"
"07/09/2020","42.35","43.30","43.50","41.94","237.75K","-2.17%"
"07/08/2020","43.29","42.81","43.47","42.75","185.14K","0.49%"
"07/07/2020","43.08","43.13","43.45","42.46","183.23K","-0.05%"
"07/06/2020","43.10","42.79","43.71","42.74","185.02K","0.70%"
"07/03/2020","42.80","42.76","42.99","42.32","96.78K","-0.79%"
"07/02/2020","43.14","41.84","43.23","41.73","196.69K","2.64%"
"07/01/2020","42.03","41.58","42.62","41.03","252.52K","2.14%"
"06/30/2020","41.15","41.33","41.62","40.90","12.60K","-1.34%"
"06/29/2020","41.71","40.56","41.95","40.04","86.78K","1.68%"
"06/26/2020","41.02","41.44","41.81","40.29","120.32K","-0.07%"
"06/25/2020","41.05","40.35","41.64","39.47","166.05K","1.84%"
"06/24/2020","40.31","42.45","42.89","39.63","195.72K","-5.44%"
"06/23/2020","42.63","43.21","43.93","42.21","183.03K","-1.04%"
"06/22/2020","43.08","41.74","43.18","41.58","187.65K","2.11%"
"06/19/2020","42.19","41.72","42.92","41.03","217.49K","1.64%"
"06/18/2020","41.51","40.43","41.64","40.06","175.79K","1.97%"
"06/17/2020","40.71","40.61","41.46","40.03","175.24K","-0.61%"
"06/16/2020","40.96","39.94","41.65","38.95","248.58K","3.12%"
"06/15/2020","39.72","38.80","39.90","37.24","215.42K","2.56%"
"06/12/2020","38.73","37.88","39.45","37.01","237.89K","0.47%"
"06/11/2020","38.55","40.95","41.01","37.82","290.17K","-7.62%"
"06/10/2020","41.73","40.72","41.99","40.14","234.19K","1.34%"
"06/09/2020","41.18","41.10","41.45","39.85","222.36K","0.93%"
"06/08/2020","40.80","42.40","43.41","40.68","227.88K","-3.55%"
"06/05/2020","42.30","39.84","42.48","39.72","250.31K","5.78%"
"06/04/2020","39.99","39.60","40.10","39.04","172.61K","0.50%"
"06/03/2020","39.79","39.75","40.53","38.76","239.43K","0.56%"
"06/02/2020","39.57","38.34","39.75","38.26","205.22K","3.26%"
"06/01/2020","38.32","37.56","38.68","37.18","212.78K","8.46%"
"05/29/2020","35.33","35.15","35.37","34.06","14.71K","0.11%"
"05/28/2020","35.29","33.92","35.95","33.62","70.99K","1.58%"
"05/27/2020","34.74","35.93","36.16","33.98","112.25K","-3.95%"
"05/26/2020","36.17","35.66","36.68","35.26","129.98K","1.80%"
"05/25/2020","35.53","34.98","35.97","34.46","28.96K","1.14%"
"05/22/2020","35.13","36.18","36.23","33.54","174.59K","-2.58%"
"05/21/2020","36.06","35.82","36.98","35.75","178.55K","0.87%"
"05/20/2020","35.75","34.45","36.46","34.38","191.27K","3.17%"
"05/19/2020","34.65","35.66","35.76","34.20","188.93K","-0.46%"
"05/18/2020","34.81","32.78","35.72","32.69","232.25K","7.11%"
"05/15/2020","32.50","31.52","32.91","30.94","211.28K","4.40%"
"05/14/2020","31.13","29.52","31.55","28.88","222.21K","6.65%"
"05/13/2020","29.19","29.35","30.55","28.86","221.11K","-2.64%"
"05/12/2020","29.98","30.07","30.70","29.35","202.47K","1.18%"
"05/11/2020","29.63","30.70","31.47","29.35","242.21K","-4.33%"
"05/08/2020","30.97","29.60","31.14","29.43","147.30K","5.13%"
"05/07/2020","29.46","29.64","31.84","29.08","259.89K","-0.87%"
"05/06/2020","29.72","32.27","32.27","28.66","268.46K","-4.04%"
"05/05/2020","30.97","28.10","32.06","27.77","267.14K","13.86%"
"05/04/2020","27.20","26.10","28.08","25.50","215.73K","2.87%"
"05/01/2020","26.44","26.95","27.88","25.76","216.98K","4.63%"
"04/30/2020","25.27","22.87","25.76","22.87","9.69K","12.11%"
"04/29/2020","22.54","20.66","23.88","20.53","86.55K","10.17%"
"04/28/2020","20.46","19.90","21.29","18.73","123.22K","2.35%"
"04/27/2020","19.99","21.55","21.91","19.11","162.39K","-6.76%"
"04/24/2020","21.44","21.93","22.70","20.50","187.00K","0.52%"
"04/23/2020","21.33","20.89","23.22","20.07","256.30K","4.71%"
"04/22/2020","20.37","20.23","22.45","15.98","344.76K","5.38%"
"04/21/2020","19.33","26.33","26.50","17.51","637.21K","-24.40%"
"04/20/2020","25.57","28.05","28.25","25.37","361.83K","-8.94%"
"04/17/2020","28.08","28.66","28.93","27.58","286.17K","0.93%"
"04/16/2020","27.82","28.05","29.00","27.20","272.98K","0.47%"
"04/15/2020","27.69","30.26","30.33","27.16","284.34K","-6.45%"
"04/14/2020","29.60","32.25","32.32","29.38","297.55K","-6.74%"
"04/13/2020","31.74","33.99","33.99","30.63","223.29K","0.83%"
"04/09/2020","31.48","33.82","36.40","31.18","493.00K","-4.14%"
"04/08/2020","32.84","32.63","33.87","31.54","320.61K","3.04%"
"04/07/2020","31.87","33.66","34.18","31.74","303.42K","-3.57%"
"04/06/2020","33.05","31.76","34.24","30.03","296.07K","-3.11%"
"04/03/2020","34.11","29.89","35.00","28.25","541.28K","13.93%"
"04/02/2020","29.94","25.61","36.29","25.45","612.27K","21.02%"
"04/01/2020","24.74","25.99","26.28","24.52","347.29K","8.80%"
"03/31/2020","22.74","23.00","23.87","22.59","14.77K","-0.09%"
"03/30/2020","22.76","23.85","24.44","21.65","62.08K","-8.70%"
"03/27/2020","24.93","26.68","27.00","24.13","112.74K","-5.35%"
"03/26/2020","26.34","27.35","27.75","26.03","139.18K","-3.83%"
"03/25/2020","27.39","27.80","28.29","25.68","154.94K","0.88%"
"03/24/2020","27.15","27.72","28.65","26.69","198.91K","0.44%"
"03/23/2020","27.03","26.75","27.54","24.68","257.59K","0.19%"
"03/20/2020","26.98","28.10","30.94","26.81","313.84K","-5.23%"
"03/19/2020","28.47","27.19","29.42","24.96","335.72K","14.43%"
"03/18/2020","24.88","28.40","29.21","24.52","348.40K","-13.40%"
"03/17/2020","28.73","30.14","31.25","28.50","270.24K","-4.39%"
"03/16/2020","30.05","35.82","35.84","29.45","330.12K","-11.23%"
"03/13/2020","33.85","32.85","36.15","32.50","360.63K","1.90%"
"03/12/2020","33.22","35.99","36.46","32.50","472.74K","-7.18%"
"03/11/2020","35.79","37.27","39.70","35.35","471.77K","-3.84%"
"03/10/2020","37.22","35.84","38.22","35.00","551.29K","8.32%"
"03/09/2020","34.36","38.28","38.34","31.02","779.72K","-24.10%"
"03/06/2020","45.27","50.25","50.45","45.18","636.39K","-9.44%"
"03/05/2020","49.99","51.66","52.04","49.70","361.04K","-2.23%"
"03/04/2020","51.13","52.11","53.03","51.04","363.50K","-1.41%"
"03/03/2020","51.86","53.47","53.90","51.22","407.55K","-0.08%"
"03/02/2020","51.90","48.95","53.20","48.40","417.56K","2.73%"
"02/28/2020","50.52","51.42","51.52","50.05","20.36K","-3.18%"
"02/27/2020","52.18","53.18","53.25","50.97","112.16K","-2.34%"
"02/26/2020","53.43","55.13","55.45","53.03","171.50K","-2.77%"
"02/25/2020","54.95","56.46","56.98","54.62","210.28K","-2.40%"
"02/24/2020","56.30","57.85","57.86","55.13","236.33K","-3.76%"
"02/21/2020","58.50","59.00","59.25","57.73","236.49K","-1.37%"
"02/20/2020","59.31","59.31","60.00","58.90","268.65K","0.32%"
"02/19/2020","59.12","57.60","59.40","57.51","262.15K","2.37%"
"02/18/2020","57.75","57.35","57.83","56.30","249.20K","0.14%"
"02/17/2020","57.67","57.29","57.70","56.83","115.34K","0.61%"
"02/14/2020","57.32","56.41","57.53","56.15","258.14K","1.74%"
"02/13/2020","56.34","55.75","56.83","54.96","325.51K","0.99%"
"02/12/2020","55.79","54.41","56.36","54.39","305.45K","3.30%"
"02/11/2020","54.01","53.62","54.69","53.60","272.81K","1.39%"
"02/10/2020","53.27","54.20","54.71","53.11","280.18K","-2.20%"
"02/07/2020","54.47","55.14","55.40","54.21","270.80K","-0.84%"
"02/06/2020","54.93","55.56","56.58","54.25","379.87K","-0.63%"
"02/05/2020","55.28","54.05","56.46","54.05","412.27K","2.45%"
"02/04/2020","53.96","54.33","55.65","53.69","409.86K","-0.90%"
"02/03/2020","54.45","56.16","56.77","54.08","477.22K","-6.38%"
"01/31/2020","58.16","59.30","59.45","57.94","19.60K","-0.22%"
"01/30/2020","58.29","59.60","59.65","57.71","104.27K","-2.54%"
"01/29/2020","59.81","59.86","60.62","59.26","142.68K","0.50%"
"01/28/2020","59.51","59.03","60.12","58.50","248.95K","0.32%"
"01/27/2020","59.32","60.23","60.49","58.50","259.77K","-2.26%"
"01/24/2020","60.69","62.01","62.46","60.25","257.95K","-2.18%"
"01/23/2020","62.04","62.68","62.69","61.25","361.91K","-1.85%"
"01/22/2020","63.21","64.57","64.58","62.62","273.30K","-2.14%"
"01/21/2020","64.59","65.26","65.35","64.06","248.56K","-0.94%"
"01/20/2020","65.20","65.98","66.00","64.92","154.79K","0.54%"
"01/17/2020","64.85","64.69","65.60","64.48","238.64K","0.36%"
"01/16/2020","64.62","64.26","64.97","63.90","220.17K","0.97%"
"01/15/2020","64.00","64.44","64.60","63.55","229.53K","-0.76%"
"01/14/2020","64.49","64.29","65.05","63.92","270.50K","0.45%"
"01/13/2020","64.20","65.13","65.27","63.92","262.47K","-1.20%"
"01/10/2020","64.98","65.29","65.66","64.86","272.17K","-0.60%"
"01/09/2020","65.37","66.00","66.10","64.56","364.45K","-0.11%"
"01/08/2020","65.44","71.22","71.75","64.94","560.89K","-4.15%"
"01/07/2020","68.27","68.63","68.75","67.65","284.92K","-0.93%"
"01/06/2020","68.91","69.35","70.74","68.21","341.14K","0.45%"
"01/03/2020","68.60","66.28","69.50","66.22","479.70K","3.55%"
"01/02/2020","66.25","66.41","66.58","65.72","205.69K","0.38%"