"Fecha","Último","Apertura","Máximo","Mínimo","Vol.","% var."
"19.07.2023","132,00","131,00","131,00","131,00","0,02K","-1,75%"
"18.07.2023","134,35","134,35","134,35","134,35","0,01K","2,48%"
"17.07.2023","131,10","131,10","131,10","131,10","0,01K","-0,42%"
"14.07.2023","131,65","131,65","131,65","131,65","0,03K","2,85%"
"13.07.2023","128,00","128,00","128,00","128,00","0,02K","-0,81%"
"12.07.2023","129,05","129,05","129,05","129,05","","-1,49%"
"11.07.2023","131,00","131,00","131,00","131,00","0,01K","-2,02%"
"10.07.2023","133,70","133,70","133,70","133,70","","-3,12%"
"07.07.2023","138,00","138,00","138,00","138,00","","-1,18%"
"06.07.2023","139,65","140,00","140,00","140,00","","-3,56%"
"05.07.2023","144,80","144,80","144,80","144,80","0,03K","1,15%"
"04.07.2023","143,15","142,50","142,50","142,50","0,15K","-3,31%"
"03.07.2023","148,05","145,00","145,00","145,00","0,02K","15,62%"
"30.06.2023","128,05","128,05","128,05","128,05","","0,12%"
"29.06.2023","127,90","127,90","127,90","127,90","","0,00%"
"28.06.2023","127,90","127,90","127,90","127,90","","0,00%"
"27.06.2023","127,90","127,90","127,90","127,90","","1,91%"
"26.06.2023","125,50","125,50","125,50","125,50","","0,00%"
"23.06.2023","125,50","125,50","125,50","125,50","","-0,20%"
"22.06.2023","125,75","125,75","125,75","125,75","","1,29%"
"21.06.2023","124,15","124,15","124,15","124,15","0,01K","-1,90%"
"20.06.2023","126,55","126,55","126,55","126,55","0,02K","-1,40%"
"19.06.2023","128,35","128,35","128,35","128,35","","-0,08%"
"16.06.2023","128,45","128,45","128,45","128,45","0,03K","-5,52%"
"15.06.2023","135,95","135,95","135,95","135,95","","2,99%"
"14.06.2023","132,00","132,00","132,00","132,00","","-0,19%"
"13.06.2023","132,25","132,25","132,25","132,25","0,05K","-1,31%"
"12.06.2023","134,00","134,00","134,00","134,00","","-1,25%"
"09.06.2023","135,70","135,70","135,70","135,70","0,01K","-0,40%"
"08.06.2023","136,25","136,25","136,25","136,25","","0,18%"
"07.06.2023","136,00","136,00","136,00","136,00","","1,15%"
"06.06.2023","134,45","134,45","134,45","134,45","0,04K","-2,40%"
"05.06.2023","137,75","137,75","137,75","137,75","","5,15%"
"02.06.2023","131,00","131,00","131,00","131,00","0,02K","0,65%"
"01.06.2023","130,15","130,15","130,15","130,15","0,01K","-3,59%"
"31.05.2023","135,00","138,00","138,00","138,00","0,01K","-0,07%"
"30.05.2023","135,10","135,10","135,10","135,10","","-3,95%"
"29.05.2023","140,65","140,65","140,65","140,65","","-12,09%"
"26.05.2023","160,00","160,00","160,00","160,00","","0,00%"
"25.05.2023","160,00","160,00","160,00","160,00","","-0,16%"
"24.05.2023","160,25","160,25","160,25","160,25","0,00K","0,16%"
"23.05.2023","160,00","160,00","160,00","160,00","","-0,22%"
"22.05.2023","160,35","160,35","160,35","160,35","","-1,17%"
"19.05.2023","162,25","162,25","162,25","162,25","","1,82%"
"18.05.2023","159,35","159,35","159,35","159,35","0,03K","-3,57%"
"17.05.2023","165,25","165,25","165,25","165,25","0,01K","0,89%"
"16.05.2023","163,80","163,80","163,80","163,80","0,01K","0,03%"
"15.05.2023","163,75","163,75","163,75","163,75","0,02K","-0,70%"
"12.05.2023","164,90","166,50","166,50","166,50","0,09K","1,17%"
"11.05.2023","163,00","163,00","163,00","163,00","0,01K","-2,37%"
"10.05.2023","166,95","166,95","166,95","166,95","0,01K","-1,21%"
"09.05.2023","169,00","169,00","169,00","169,00","","-0,38%"
"08.05.2023","169,65","169,65","169,65","169,65","","0,00%"
"05.05.2023","169,65","169,65","169,65","169,65","0,01K","-0,59%"
"04.05.2023","170,65","178,20","178,20","178,20","0,06K","-5,51%"
"03.05.2023","180,60","180,60","180,60","180,60","0,01K","-3,71%"
"02.05.2023","187,55","187,55","187,55","187,55","","1,30%"
"01.05.2023","185,15","185,15","185,15","185,15","","-2,40%"
"28.04.2023","189,70","189,70","189,70","189,70","","-0,13%"
"27.04.2023","189,95","189,95","189,95","189,95","","-0,11%"
"26.04.2023","190,15","190,15","190,15","190,15","","0,58%"
"25.04.2023","189,05","189,05","189,05","189,05","","-0,50%"
"24.04.2023","190,00","190,00","190,00","190,00","","-0,18%"
"21.04.2023","190,35","190,35","190,35","190,35","","-0,73%"
"20.04.2023","191,75","191,75","191,75","191,75","0,00K","-0,39%"
"19.04.2023","192,50","192,50","192,50","192,50","0,00K","2,23%"
"18.04.2023","188,30","188,30","188,30","188,30","","0,70%"
"17.04.2023","187,00","187,00","187,00","187,00","0,00K","-0,53%"
"14.04.2023","188,00","188,00","188,00","188,00","0,02K","-1,44%"
"13.04.2023","190,75","190,75","190,75","190,75","","-1,98%"
"12.04.2023","194,60","194,60","194,60","194,60","0,01K","0,23%"
"11.04.2023","194,15","194,15","194,15","194,15","0,01K","0,21%"
"10.04.2023","193,75","193,75","193,75","193,75","","0,00%"
"06.04.2023","193,75","193,75","193,75","193,75","","-2,15%"
"05.04.2023","198,00","198,00","198,00","198,00","0,03K","2,78%"
"04.04.2023","192,65","192,65","192,65","192,65","0,02K","-3,68%"
"03.04.2023","200,00","197,00","198,00","197,00","0,01K","12,83%"
"31.03.2023","177,25","177,25","177,25","177,25","","0,28%"
"30.03.2023","176,75","176,75","176,75","176,75","","0,08%"
"29.03.2023","176,60","176,60","176,60","176,60","","0,06%"
"28.03.2023","176,50","176,50","176,50","176,50","","0,14%"
"27.03.2023","176,25","176,25","176,25","176,25","","0,51%"
"24.03.2023","175,35","175,35","175,35","175,35","","-0,74%"
"23.03.2023","176,65","176,65","176,65","176,65","","0,06%"
"22.03.2023","176,55","176,55","176,55","176,55","","1,47%"
"21.03.2023","174,00","174,00","174,00","174,00","","1,02%"
"20.03.2023","172,25","173,00","173,00","173,00","0,01K","-0,43%"
"17.03.2023","173,00","173,00","173,00","173,00","0,00K","-0,57%"
"16.03.2023","174,00","174,00","174,00","174,00","0,01K","-0,57%"
"15.03.2023","175,00","175,00","178,50","175,00","0,01K","-2,78%"
"14.03.2023","180,00","180,00","180,00","180,00","0,01K","-1,59%"
"13.03.2023","182,90","182,90","182,90","182,90","0,01K","-1,27%"
"10.03.2023","185,25","185,25","185,25","185,25","","2,92%"
"09.03.2023","180,00","180,00","180,00","180,00","","0,28%"
"08.03.2023","179,50","182,00","182,00","182,00","0,00K","0,14%"
"07.03.2023","179,25","181,00","181,00","180,00","0,00K","-1,38%"
"06.03.2023","181,75","182,00","182,00","182,00","0,00K","-3,79%"
"03.03.2023","188,90","187,15","187,15","187,15","0,00K","-2,12%"
"02.03.2023","193,00","193,00","193,00","193,00","0,04K","-0,26%"
"01.03.2023","193,50","192,00","192,00","192,00","0,08K","0,34%"
"28.02.2023","192,85","192,85","192,85","192,85","0,07K","-1,86%"
"27.02.2023","196,50","195,00","197,00","195,00","0,07K","-6,07%"
"24.02.2023","209,20","204,50","204,50","204,50","","-0,43%"
"23.02.2023","210,10","210,10","210,10","210,10","","0,21%"
"22.02.2023","209,65","209,65","209,65","209,65","0,00K","0,55%"
"21.02.2023","208,50","209,00","209,00","209,00","0,03K","1,39%"
"20.02.2023","205,65","205,65","205,65","205,65","","-1,77%"
"17.02.2023","209,35","209,35","209,35","209,35","","-2,17%"
"16.02.2023","214,00","214,00","214,00","214,00","0,03K","-2,68%"
"15.02.2023","219,90","219,90","219,90","219,90","0,01K","0,18%"
"14.02.2023","219,50","219,50","219,50","219,50","0,01K","-0,68%"
"13.02.2023","221,00","221,00","221,00","221,00","","-2,26%"
"10.02.2023","226,10","219,00","219,00","218,00","0,03K","0,27%"
"09.02.2023","225,50","238,00","238,00","225,00","0,03K","-5,79%"
"08.02.2023","239,35","239,35","239,35","239,35","","-6,38%"
"07.02.2023","255,65","257,00","265,00","254,00","0,04K","1,45%"
"06.02.2023","252,00","235,00","235,00","235,00","0,01K","6,78%"
"03.02.2023","236,00","236,00","236,00","236,00","0,01K","-3,54%"
"02.02.2023","244,65","245,00","245,00","245,00","0,01K","-0,95%"
"01.02.2023","247,00","247,00","247,00","247,00","0,03K","-1,89%"
"31.01.2023","251,75","262,00","262,00","262,00","0,03K","-5,13%"
"30.01.2023","265,35","266,00","266,00","262,00","0,01K","-25,90%"
"27.01.2023","358,10","265,00","265,00","265,00","","0,70%"
"26.01.2023","355,60","355,60","355,60","355,60","","0,45%"
"25.01.2023","354,00","354,00","354,00","354,00","0,01K","-1,56%"
"24.01.2023","359,60","359,60","359,60","359,60","0,02K","-0,11%"
"23.01.2023","360,00","360,00","360,00","360,00","0,00K","2,58%"
"20.01.2023","350,95","350,95","350,95","350,95","","-3,45%"
"19.01.2023","363,50","363,50","363,50","363,50","0,00K","-1,22%"
"18.01.2023","368,00","368,00","368,00","368,00","","-0,34%"
"17.01.2023","369,25","369,25","369,25","369,25","0,00K","0,14%"
"16.01.2023","368,75","370,00","370,00","370,00","0,06K","-0,41%"
"13.01.2023","370,25","370,25","370,25","370,25","0,03K","-1,92%"
"12.01.2023","377,50","377,00","377,00","377,00","0,16K","2,03%"
"11.01.2023","370,00","385,00","385,00","380,00","0,12K","-5,24%"
"10.01.2023","390,45","395,00","395,00","393,00","0,05K","-0,86%"
"09.01.2023","393,85","397,00","397,00","395,00","0,13K","-0,58%"
"06.01.2023","396,15","400,00","400,00","400,00","0,03K","-0,34%"
"05.01.2023","397,50","395,00","399,00","395,00","0,09K","0,75%"
"04.01.2023","394,55","390,00","395,00","390,00","0,03K","0,37%"
"03.01.2023","393,10","396,00","396,00","392,00","0,14K","-2,73%"
"30.12.2022","404,15","390,00","390,00","390,00","","0,00%"
"29.12.2022","404,15","404,15","404,15","404,15","","0,51%"
"28.12.2022","402,10","402,50","402,50","402,50","0,00K","0,40%"
"27.12.2022","400,50","400,50","400,50","400,50","","-0,15%"
"23.12.2022","401,10","401,10","401,10","401,10","","0,11%"
"22.12.2022","400,65","400,65","400,65","400,65","","-0,19%"
"21.12.2022","401,40","401,40","401,40","401,40","0,01K","0,34%"
"20.12.2022","400,05","400,05","400,05","400,05","","-0,32%"
"19.12.2022","401,35","401,35","401,35","401,35","","-0,41%"
"16.12.2022","403,00","405,00","405,00","405,00","0,10K","0,27%"
"15.12.2022","401,90","403,00","403,00","403,00","0,01K","-0,52%"
"14.12.2022","404,00","404,00","404,00","404,00","0,04K","-0,12%"
"13.12.2022","404,50","405,00","405,00","405,00","0,02K","1,06%"
"12.12.2022","400,25","401,00","401,00","401,00","0,00K","-0,56%"
"09.12.2022","402,50","405,00","405,00","400,00","0,03K","1,77%"
"08.12.2022","395,50","395,50","395,50","395,50","0,01K","-2,50%"
"07.12.2022","405,65","405,00","405,00","405,00","0,01K","-0,77%"
"06.12.2022","408,80","408,80","408,80","408,80","0,01K","2,07%"
"05.12.2022","400,50","405,00","405,00","400,00","0,01K","2,43%"
"02.12.2022","391,00","391,00","391,00","391,00","","1,56%"
"01.12.2022","385,00","385,00","385,00","385,00","0,01K","-3,39%"
"30.11.2022","398,50","397,00","397,00","397,00","0,06K","2,87%"
"29.11.2022","387,40","390,00","390,00","390,00","0,03K","2,22%"
"28.11.2022","379,00","380,00","380,00","380,00","0,01K","8,47%"
"25.11.2022","349,40","362,00","362,00","362,00","","0,59%"
"24.11.2022","347,35","347,75","347,75","347,75","0,01K","0,26%"
"23.11.2022","346,45","346,45","346,45","346,45","","-0,20%"
"22.11.2022","347,15","347,15","347,15","347,15","","-1,10%"
"21.11.2022","351,00","351,00","351,00","351,00","","2,20%"
"18.11.2022","343,45","343,45","343,45","343,45","0,01K","2,64%"
"17.11.2022","334,60","334,60","334,60","334,60","0,02K","0,62%"
"16.11.2022","332,55","332,55","332,55","332,55","0,02K","-2,48%"
"15.11.2022","341,00","341,00","341,00","341,00","0,01K","3,22%"
"14.11.2022","330,35","330,35","330,35","330,35","","1,09%"
"11.11.2022","326,80","326,80","326,80","326,80","0,01K","0,79%"
"10.11.2022","324,25","325,00","325,00","325,00","0,03K","-0,15%"
"09.11.2022","324,75","329,00","330,00","329,00","0,05K","-4,20%"
"08.11.2022","339,00","340,00","340,00","338,50","0,04K","-1,71%"
"07.11.2022","344,90","347,00","347,00","345,00","0,11K","-1,32%"
"04.11.2022","349,50","349,50","349,50","349,50","0,02K","-0,43%"
"03.11.2022","351,00","354,00","354,00","354,00","0,06K","-2,77%"
"02.11.2022","361,00","361,00","361,00","361,00","","0,56%"
"01.11.2022","359,00","359,00","359,00","359,00","0,07K","0,76%"
"31.10.2022","356,30","362,50","362,50","355,50","0,01K","-7,62%"
"28.10.2022","385,70","385,70","385,70","385,70","","0,03%"
"27.10.2022","385,60","385,60","385,60","385,60","","-0,23%"
"26.10.2022","386,50","386,50","386,50","386,50","0,03K","-0,43%"
"25.10.2022","388,15","388,15","388,15","388,15","0,06K","-0,47%"
"24.10.2022","390,00","390,00","390,00","390,00","","0,00%"
"21.10.2022","390,00","390,00","390,00","390,00","","-0,50%"
"20.10.2022","391,95","391,95","391,95","391,95","0,01K","0,24%"
"19.10.2022","391,00","391,00","391,00","391,00","0,01K","0,81%"
"18.10.2022","387,85","387,85","387,85","387,85","0,01K","-1,10%"
"17.10.2022","392,15","392,15","392,15","392,15","","-0,09%"
"14.10.2022","392,50","392,50","392,50","392,50","0,01K","-0,25%"
"13.10.2022","393,50","397,00","397,00","397,00","0,02K","-2,36%"
"12.10.2022","403,00","405,00","405,00","405,00","0,04K","3,03%"
"11.10.2022","391,15","391,15","391,15","391,15","0,04K","1,20%"
"10.10.2022","386,50","386,50","386,50","386,50","0,01K","0,18%"
"07.10.2022","385,80","385,00","385,00","385,00","0,02K","-3,55%"
"06.10.2022","400,00","400,00","400,00","400,00","0,09K","0,95%"
"05.10.2022","396,25","396,25","396,25","396,25","0,01K","-1,92%"
"04.10.2022","404,00","404,00","404,00","404,00","0,01K","0,62%"
"03.10.2022","401,50","399,00","399,00","399,00","0,07K","-7,42%"
"30.09.2022","433,70","433,70","433,70","433,70","","-0,47%"
"29.09.2022","435,75","435,75","435,75","435,75","","-0,06%"
"28.09.2022","436,00","436,00","436,00","436,00","","-0,38%"
"27.09.2022","437,65","437,65","437,65","437,65","","-0,08%"
"26.09.2022","438,00","438,00","438,00","438,00","","0,64%"
"23.09.2022","435,20","435,20","435,20","435,20","","-0,10%"
"22.09.2022","435,65","435,65","435,65","435,65","0,00K","-1,99%"
"21.09.2022","444,50","440,00","440,00","440,00","0,02K","0,73%"
"20.09.2022","441,30","441,30","441,30","441,30","0,01K","0,51%"
"19.09.2022","439,05","439,05","439,05","439,05","","0,01%"
"16.09.2022","439,00","439,00","439,00","439,00","0,00K","-1,46%"
"15.09.2022","445,50","445,50","445,50","445,50","","0,29%"
"14.09.2022","444,20","444,20","444,20","444,20","0,00K","1,10%"
"13.09.2022","439,35","436,50","438,00","436,50","0,03K","0,42%"
"12.09.2022","437,50","437,00","437,00","436,00","0,04K","0,52%"
"09.09.2022","435,25","435,25","435,25","435,25","","-1,16%"
"08.09.2022","440,35","430,00","440,00","430,00","0,02K","0,31%"
"07.09.2022","439,00","439,00","439,00","439,00","0,02K","-2,50%"
"06.09.2022","450,25","450,25","450,25","450,25","0,00K","-1,65%"
"05.09.2022","457,80","457,80","457,80","457,80","0,01K","5,24%"
"02.09.2022","435,00","435,00","435,00","435,00","","1,79%"
"01.09.2022","427,35","427,35","427,35","427,35","","0,55%"
"31.08.2022","425,00","425,00","425,00","425,00","","2,52%"
"30.08.2022","414,55","414,55","414,55","414,55","0,01K","-1,94%"
"29.08.2022","422,75","422,75","422,75","422,75","","1,28%"
"26.08.2022","417,40","417,40","417,40","417,40","","-0,02%"
"25.08.2022","417,50","417,50","417,50","417,50","","1,19%"
"24.08.2022","412,60","412,60","412,60","412,60","","-1,20%"
"23.08.2022","417,60","417,60","417,60","417,60","","-0,18%"
"22.08.2022","418,35","418,35","418,35","418,35","","0,50%"
"19.08.2022","416,25","416,25","416,25","416,25","","0,57%"
"18.08.2022","413,90","413,90","413,90","413,90","","0,00%"
"17.08.2022","413,90","413,90","413,90","413,90","","2,20%"
"16.08.2022","405,00","405,00","405,00","405,00","","-0,61%"
"15.08.2022","407,50","407,50","407,50","407,50","","-0,04%"
"12.08.2022","407,65","407,65","407,65","407,65","","1,66%"
"11.08.2022","401,00","401,00","401,00","401,00","","0,59%"
"10.08.2022","398,65","398,65","398,65","398,65","","3,68%"
"09.08.2022","384,50","384,50","384,50","384,50","","3,64%"
"08.08.2022","371,00","371,00","371,00","371,00","0,02K","2,77%"
"05.08.2022","361,00","361,00","361,00","361,00","0,05K","-6,23%"
"04.08.2022","385,00","390,00","390,00","390,00","0,02K","-2,16%"
"03.08.2022","393,50","393,50","393,50","393,50","0,01K","-2,48%"
"02.08.2022","403,50","403,50","403,50","403,50","","-0,37%"
"01.08.2022","405,00","405,00","405,00","405,00","","-0,71%"
"29.07.2022","407,90","407,90","407,90","407,90","","-0,85%"
"28.07.2022","411,40","411,40","411,40","411,40","","-0,02%"
"27.07.2022","411,50","411,50","411,50","411,50","","-0,60%"
"26.07.2022","414,00","414,00","414,00","414,00","","0,91%"
"25.07.2022","410,25","410,25","410,25","410,25","","0,26%"
"22.07.2022","409,20","409,20","409,20","409,20","","1,44%"
"21.07.2022","403,40","403,40","403,40","403,40","","-1,27%"
"20.07.2022","408,60","408,60","408,60","408,60","","2,24%"
"19.07.2022","399,65","399,00","399,00","399,00","0,00K","0,91%"
"18.07.2022","396,05","396,05","396,05","396,05","0,00K","-2,58%"
"15.07.2022","406,55","410,00","410,00","410,00","0,00K","-2,35%"
"14.07.2022","416,35","415,00","415,00","415,00","0,01K","-3,17%"
"13.07.2022","430,00","432,00","432,00","432,00","0,01K","0,94%"
"12.07.2022","426,00","426,00","426,00","426,00","0,01K","1,67%"
"11.07.2022","419,00","419,00","419,00","419,00","0,00K","1,27%"
"08.07.2022","413,75","411,00","412,00","411,00","0,02K","0,91%"
"07.07.2022","410,00","410,00","410,00","410,00","0,02K","2,58%"
"06.07.2022","399,70","399,70","399,70","399,70","","0,53%"
"05.07.2022","397,60","397,60","397,60","397,60","","0,29%"
"04.07.2022","396,45","396,45","396,45","396,45","0,00K","2,18%"
"01.07.2022","388,00","388,00","388,00","388,00","0,01K","0,53%"
"30.06.2022","385,95","380,00","390,00","380,00","0,01K","1,57%"
"29.06.2022","380,00","389,00","390,00","380,00","0,04K","-3,43%"
"28.06.2022","393,50","385,00","394,00","385,00","0,02K","0,27%"
"27.06.2022","392,45","389,00","395,00","389,00","0,02K","-1,15%"
"24.06.2022","397,00","397,00","397,00","397,00","","-0,13%"
"23.06.2022","397,50","395,00","395,00","395,00","0,01K","1,40%"
"22.06.2022","392,00","392,00","392,00","392,00","","0,51%"
"21.06.2022","390,00","390,00","390,00","390,00","0,01K","-0,70%"
"20.06.2022","392,75","392,75","392,75","392,75","","0,87%"
"17.06.2022","389,35","389,35","389,35","389,35","","0,52%"
"16.06.2022","387,35","395,00","395,00","395,00","0,01K","0,26%"
"15.06.2022","386,35","386,35","386,35","386,35","","0,74%"
"14.06.2022","383,50","383,00","383,00","383,00","0,01K","-1,75%"
"13.06.2022","390,35","390,35","390,35","390,35","0,01K","-0,51%"
"10.06.2022","392,35","394,00","395,00","392,00","0,01K","-0,92%"
"09.06.2022","396,00","400,00","400,00","395,00","0,05K","0,15%"
"08.06.2022","395,40","402,00","402,00","395,00","0,03K","-0,40%"
"07.06.2022","397,00","408,00","408,00","403,00","0,03K","-4,39%"
"06.06.2022","415,25","415,25","415,25","415,25","","0,67%"
"03.06.2022","412,50","412,50","412,50","412,50","","0,00%"
"02.06.2022","412,50","412,50","412,50","412,50","","0,12%"
"01.06.2022","412,00","415,00","418,00","412,00","0,01K","-3,51%"
"31.05.2022","427,00","406,00","428,00","406,00","0,03K","6,48%"
"30.05.2022","401,00","390,00","401,00","390,00","0,06K","-1,39%"
"27.05.2022","406,65","406,65","406,65","406,65","0,00K","0,91%"
"26.05.2022","403,00","403,00","403,00","403,00","0,03K","-0,41%"
"25.05.2022","404,65","400,00","400,00","400,00","0,02K","-0,82%"
"24.05.2022","408,00","408,00","408,00","408,00","0,00K","-1,92%"
"23.05.2022","416,00","416,00","416,00","416,00","","-0,30%"
"20.05.2022","417,25","417,25","417,25","417,25","0,04K","1,25%"
"19.05.2022","412,10","412,10","412,10","412,10","","0,02%"
"18.05.2022","412,00","416,00","419,25","412,00","0,15K","-0,40%"
"17.05.2022","413,65","414,00","414,00","414,00","0,02K","2,77%"
"16.05.2022","402,50","402,50","402,50","402,50","","2,46%"
"13.05.2022","392,85","393,00","393,00","393,00","0,03K","0,34%"
"12.05.2022","391,50","391,50","391,50","391,50","0,01K","1,46%"
"11.05.2022","385,85","385,00","385,00","385,00","0,03K","2,23%"
"10.05.2022","377,45","377,50","377,50","377,50","0,07K","0,12%"
"09.05.2022","377,00","378,00","379,50","374,00","0,04K","-0,66%"
"06.05.2022","379,50","379,50","379,50","379,50","0,02K","1,38%"
"05.05.2022","374,35","374,35","374,35","374,35","0,04K","3,89%"
"04.05.2022","360,35","355,00","355,00","355,00","0,10K","10,33%"
"03.05.2022","326,60","325,00","325,00","325,00","0,08K","8,94%"
"02.05.2022","299,80","299,80","299,80","299,80","","-8,21%"
"29.04.2022","326,60","326,30","326,30","326,30","0,01K","-0,11%"
"28.04.2022","326,95","326,05","326,05","326,05","0,01K","0,28%"
"27.04.2022","326,05","326,05","326,05","326,05","","0,32%"
"26.04.2022","325,00","325,00","325,00","325,00","0,04K","-1,10%"
"25.04.2022","328,60","328,50","328,50","328,50","0,05K","0,46%"
"22.04.2022","327,10","326,00","326,00","326,00","0,01K","-1,21%"
"21.04.2022","331,10","333,00","333,00","331,00","0,04K","1,46%"
"20.04.2022","326,35","326,35","326,35","326,35","0,01K","1,67%"
"19.04.2022","321,00","321,00","321,00","321,00","0,03K","3,85%"
"18.04.2022","309,10","309,10","309,10","309,10","","0,00%"
"14.04.2022","309,10","314,00","314,00","314,00","0,01K","-0,93%"
"13.04.2022","312,00","312,00","312,00","312,00","0,04K","0,94%"
"12.04.2022","309,10","300,00","303,50","300,00","0,06K","6,35%"
"11.04.2022","290,65","292,00","292,00","292,00","0,04K","-0,33%"
"08.04.2022","291,60","291,60","291,60","291,60","0,04K","3,53%"
"07.04.2022","281,65","296,00","296,00","285,00","0,10K","-1,69%"
"06.04.2022","286,50","286,50","286,50","286,50","0,06K","1,96%"
"05.04.2022","281,00","281,00","281,00","281,00","0,07K","6,44%"
"04.04.2022","264,00","264,00","264,00","264,00","0,01K","2,03%"
"01.04.2022","258,75","258,75","258,75","258,75","0,05K","-0,10%"
"31.03.2022","259,00","261,00","264,00","261,00","0,01K","-0,38%"
"30.03.2022","260,00","261,00","261,00","259,00","0,02K","2,60%"
"29.03.2022","253,40","258,00","258,00","258,00","0,18K","-2,44%"
"28.03.2022","259,75","261,00","261,00","261,00","0,04K","-20,60%"
"25.03.2022","327,15","327,15","327,15","327,15","","0,15%"
"24.03.2022","326,65","326,65","326,65","326,65","","0,40%"
"23.03.2022","325,35","325,00","325,00","325,00","0,01K","-1,08%"
"22.03.2022","328,90","330,00","330,00","330,00","0,01K","-0,15%"
"21.03.2022","329,40","329,40","329,40","329,40","","-1,96%"
"18.03.2022","336,00","335,00","335,00","334,50","0,03K","-0,37%"
"17.03.2022","337,25","337,25","337,25","337,25","0,01K","-0,81%"
"16.03.2022","340,00","351,00","351,00","340,00","0,04K","-1,73%"
"15.03.2022","346,00","361,50","361,50","361,50","0,03K","-4,35%"
"14.03.2022","361,75","361,75","361,75","361,75","0,04K","-1,87%"
"11.03.2022","368,65","368,00","376,00","366,00","0,12K","-1,26%"
"10.03.2022","373,35","380,00","380,00","380,00","0,36K","-11,24%"
"09.03.2022","420,65","425,00","425,00","415,00","0,07K","-0,59%"
"08.03.2022","423,15","415,00","415,00","405,00","0,03K","0,12%"
"07.03.2022","422,65","422,65","422,65","422,65","","0,93%"
"04.03.2022","418,75","400,00","435,00","400,00","0,06K","13,18%"
"03.03.2022","370,00","370,00","370,00","370,00","0,09K","-15,91%"
"02.03.2022","440,00","400,00","400,00","400,00","0,08K","40,58%"
"01.03.2022","313,00","299,00","301,00","299,00","0,12K","14,03%"
"28.02.2022","274,50","262,50","286,00","262,50","0,14K","15,05%"
"25.02.2022","238,60","239,00","239,00","239,00","0,00K","-0,38%"
"24.02.2022","239,50","239,00","239,25","239,00","0,01K","0,76%"
"23.02.2022","237,70","238,00","238,00","238,00","0,04K","0,61%"
"22.02.2022","236,25","236,50","236,50","235,00","0,01K","1,03%"
"21.02.2022","233,85","233,85","233,85","233,85","","0,65%"
"18.02.2022","232,35","232,50","232,50","232,50","0,00K","-0,02%"
"17.02.2022","232,40","234,50","234,50","234,50","0,00K","-1,32%"
"16.02.2022","235,50","236,00","236,00","236,00","0,00K","-1,46%"
"15.02.2022","239,00","239,00","239,00","239,00","0,01K","-0,42%"
"14.02.2022","240,00","243,50","243,50","240,00","0,01K","-2,04%"
"11.02.2022","245,00","245,00","245,00","245,00","","2,47%"
"10.02.2022","239,10","239,10","239,10","239,10","","-0,06%"
"09.02.2022","239,25","242,00","242,00","235,00","0,02K","0,00%"
"08.02.2022","239,25","239,00","241,00","239,00","0,00K","1,38%"
"07.02.2022","236,00","231,00","236,00","231,00","0,07K","3,83%"
"04.02.2022","227,30","223,00","227,00","223,00","0,04K","2,85%"
"03.02.2022","221,00","221,00","221,00","221,00","0,04K","0,41%"
"02.02.2022","220,10","220,00","220,00","220,00","0,06K","0,92%"
"01.02.2022","218,10","210,00","210,50","210,00","0,08K","-2,09%"
"31.01.2022","222,75","222,75","222,75","222,75","0,07K","-2,15%"
"28.01.2022","227,65","227,65","227,65","227,65","","0,02%"
"27.01.2022","227,60","227,60","227,60","227,60","0,00K","-0,09%"
"26.01.2022","227,80","227,80","227,80","227,80","","0,22%"
"25.01.2022","227,30","227,30","227,30","227,30","","0,91%"
"24.01.2022","225,25","225,25","225,25","225,25","0,00K","0,29%"
"21.01.2022","224,60","225,00","226,00","225,00","0,00K","-0,47%"
"20.01.2022","225,65","226,00","226,00","226,00","0,00K","1,14%"
"19.01.2022","223,10","223,10","223,10","223,10","0,02K","0,95%"
"18.01.2022","221,00","221,00","221,00","221,00","0,01K","0,23%"
"17.01.2022","220,50","220,50","220,50","220,50","0,01K","1,73%"
"14.01.2022","216,75","220,00","220,00","220,00","0,01K","2,48%"
"13.01.2022","211,50","209,50","209,50","209,50","0,01K","4,19%"
"12.01.2022","203,00","205,00","205,00","205,00","0,04K","2,99%"
"11.01.2022","197,10","197,00","198,00","197,00","0,09K","0,31%"
"10.01.2022","196,50","203,00","205,00","203,00","0,08K","0,31%"
"07.01.2022","195,90","195,00","195,00","195,00","0,73K","-0,31%"
"06.01.2022","196,50","190,00","193,00","189,25","0,48K","9,23%"
"05.01.2022","179,90","180,00","180,00","180,00","0,02K","3,33%"
"04.01.2022","174,10","172,00","174,00","171,00","0,27K","10,54%"
"03.01.2022","157,50","157,50","157,50","157,50","0,00K","-7,13%"
"31.12.2021","169,60","169,60","169,60","169,60","","-0,29%"
"30.12.2021","170,10","170,10","170,10","170,10","","-0,58%"
"29.12.2021","171,10","171,10","171,10","171,10","","0,06%"
"28.12.2021","171,00","171,00","171,00","171,00","","0,53%"
"27.12.2021","170,10","170,10","170,10","170,10","","0,71%"
"24.12.2021","168,90","168,90","168,90","168,90","","-0,30%"
"23.12.2021","169,40","169,40","169,40","169,40","","-0,06%"
"22.12.2021","169,50","169,50","169,50","169,50","","0,30%"
"21.12.2021","169,00","169,00","169,00","169,00","","0,51%"
"20.12.2021","168,15","168,15","168,15","168,15","","0,09%"
"17.12.2021","168,00","168,00","168,00","168,00","","-0,30%"
"16.12.2021","168,50","168,50","168,50","168,50","","2,28%"
"15.12.2021","164,75","164,75","164,75","164,75","","0,00%"
"14.12.2021","164,75","164,75","164,75","164,75","","0,30%"
"13.12.2021","164,25","164,25","164,25","164,25","","0,31%"
"10.12.2021","163,75","161,00","163,25","161,00","0,01K","2,28%"
"09.12.2021","160,10","165,00","165,00","161,00","0,00K","0,88%"
"08.12.2021","158,70","159,00","159,00","159,00","0,13K","2,99%"
"07.12.2021","154,10","154,10","154,10","154,10","0,03K","1,88%"
"06.12.2021","151,25","151,25","151,25","151,25","0,01K","-2,58%"
"03.12.2021","155,25","156,00","157,00","155,25","0,12K","-2,05%"
"02.12.2021","158,50","156,05","156,05","155,00","0,06K","0,67%"
"01.12.2021","157,45","157,00","157,00","157,00","0,05K","3,59%"
"30.11.2021","152,00","158,60","158,60","152,00","0,12K","-4,58%"
"29.11.2021","159,30","164,50","164,50","157,50","0,03K","1,14%"
"26.11.2021","157,50","157,50","157,50","157,50","","-0,32%"
"25.11.2021","158,00","158,00","158,00","158,00","","-0,63%"
"24.11.2021","159,00","160,00","160,00","160,00","0,00K","1,27%"
"23.11.2021","157,00","157,00","157,00","157,00","","1,95%"
"22.11.2021","154,00","154,00","154,00","154,00","","0,98%"
"19.11.2021","152,50","152,50","152,50","152,50","","0,00%"
"18.11.2021","152,50","152,50","152,50","152,50","","1,57%"
"17.11.2021","150,15","150,15","150,15","150,15","","-0,17%"
"16.11.2021","150,40","150,40","150,40","150,40","","0,70%"
"15.11.2021","149,35","149,35","149,35","149,35","","-0,43%"
"12.11.2021","150,00","153,00","153,00","153,00","0,03K","-0,99%"
"11.11.2021","151,50","152,00","156,00","151,00","0,06K","-0,53%"
"10.11.2021","152,30","158,50","158,50","158,50","0,03K","-5,20%"
"09.11.2021","160,65","170,00","170,00","162,00","0,07K","-1,44%"
"08.11.2021","163,00","161,00","163,00","161,00","0,08K","4,89%"
"05.11.2021","155,40","155,40","155,40","155,40","0,02K","0,75%"
"04.11.2021","154,25","160,05","161,35","154,75","0,06K","-2,06%"
"03.11.2021","157,50","145,00","157,30","145,00","0,24K","11,78%"
"02.11.2021","140,90","142,50","142,50","139,00","0,05K","-2,83%"
"01.11.2021","145,00","155,00","155,00","150,00","0,01K","-35,11%"
"29.10.2021","223,45","223,45","223,45","223,45","","-0,11%"
"28.10.2021","223,70","223,70","223,70","223,70","","0,16%"
"27.10.2021","223,35","223,35","223,35","223,35","","0,00%"
"26.10.2021","223,35","223,35","223,35","223,35","","-1,17%"
"25.10.2021","226,00","226,00","226,00","226,00","","-1,74%"
"22.10.2021","230,00","230,00","230,00","230,00","0,01K","0,66%"
"21.10.2021","228,50","228,50","228,50","228,50","","-1,30%"
"20.10.2021","231,50","232,00","232,00","232,00","0,01K","0,70%"
"19.10.2021","229,90","229,90","229,90","229,90","","-3,95%"
"18.10.2021","239,35","240,00","240,00","238,00","0,00K","-0,27%"
"15.10.2021","240,00","243,00","243,00","238,00","0,11K","-2,04%"
"14.10.2021","245,00","245,00","245,00","245,00","","0,68%"
"13.10.2021","243,35","247,00","247,00","243,00","0,01K","0,41%"
"12.10.2021","242,35","242,35","242,35","242,35","","-0,88%"
"11.10.2021","244,50","240,00","247,00","240,00","0,03K","2,47%"
"08.10.2021","238,60","242,50","242,75","235,00","0,07K","2,89%"
"07.10.2021","231,90","230,00","235,00","230,00","0,13K","-4,17%"
"06.10.2021","242,00","242,00","242,00","242,00","0,07K","-10,20%"
"05.10.2021","269,50","269,50","269,50","269,50","0,04K","12,29%"
"04.10.2021","240,00","228,00","240,00","228,00","0,01K","5,26%"
"01.10.2021","228,00","228,00","228,00","228,00","0,01K","4,59%"
"30.09.2021","218,00","218,00","218,00","218,00","0,04K","3,56%"
"29.09.2021","210,50","212,00","212,50","211,00","0,08K","1,35%"
"28.09.2021","207,70","210,00","210,00","210,00","0,07K","1,44%"
"27.09.2021","204,75","204,75","204,75","204,75","0,06K","12,81%"
"24.09.2021","181,50","181,00","181,00","181,00","0,01K","-2,37%"
"23.09.2021","185,90","185,90","185,90","185,90","","2,99%"
"22.09.2021","180,50","180,00","180,00","180,00","0,00K","0,56%"
"21.09.2021","179,50","179,50","179,50","179,50","","1,13%"
"20.09.2021","177,50","177,50","177,50","177,50","","0,00%"
"17.09.2021","177,50","177,50","177,50","177,50","","0,85%"
"16.09.2021","176,00","176,00","176,00","176,00","","-0,85%"
"15.09.2021","177,50","177,50","177,50","177,50","","0,03%"
"14.09.2021","177,45","177,45","177,45","177,45","","-0,03%"
"13.09.2021","177,50","177,50","177,50","177,50","0,01K","-0,06%"
"10.09.2021","177,60","177,60","177,60","177,60","","0,06%"
"09.09.2021","177,50","177,50","177,50","177,50","","0,08%"
"08.09.2021","177,35","177,35","177,35","177,35","","0,08%"
"07.09.2021","177,20","177,20","177,20","177,20","","-0,45%"
"06.09.2021","178,00","178,00","178,00","178,00","","-0,56%"
"03.09.2021","179,00","179,00","179,00","179,00","","0,85%"
"02.09.2021","177,50","177,50","177,50","177,50","","1,66%"
"01.09.2021","174,60","174,60","174,60","174,60","0,04K","0,20%"
"31.08.2021","174,25","172,00","172,00","172,00","0,00K","1,69%"
"30.08.2021","171,35","171,35","171,35","171,35","","0,23%"
"27.08.2021","170,95","170,95","170,95","170,95","","-0,03%"
"26.08.2021","171,00","171,00","171,00","171,00","","0,15%"
"25.08.2021","170,75","170,75","170,75","170,75","","0,44%"
"24.08.2021","170,00","170,00","170,00","170,00","","0,00%"
"23.08.2021","170,00","170,00","170,00","170,00","","1,34%"
"20.08.2021","167,75","167,75","167,75","167,75","","-1,84%"
"19.08.2021","170,90","170,90","170,90","170,90","","-0,06%"
"18.08.2021","171,00","171,00","171,00","171,00","","-0,26%"
"17.08.2021","171,45","172,25","172,25","172,00","0,05K","-1,12%"
"16.08.2021","173,40","173,40","173,40","173,40","0,02K","0,38%"
"13.08.2021","172,75","172,25","172,25","172,25","0,00K","0,88%"
"12.08.2021","171,25","171,25","171,25","171,25","","1,09%"
"11.08.2021","169,40","169,00","169,00","168,50","0,01K","1,38%"
"10.08.2021","167,10","167,10","167,10","167,10","","0,03%"
"09.08.2021","167,05","165,00","167,00","165,00","0,10K","3,79%"
"06.08.2021","160,95","160,00","160,95","160,00","0,01K","2,35%"
"05.08.2021","157,25","156,50","156,50","155,00","0,04K","1,85%"
"04.08.2021","154,40","152,85","154,00","152,85","0,10K","1,08%"
"03.08.2021","152,75","152,25","153,00","152,25","0,23K","0,13%"
"02.08.2021","152,55","152,75","152,75","152,75","0,08K","1,87%"
"30.07.2021","149,75","149,75","149,75","149,75","","-0,17%"
"29.07.2021","150,00","150,00","150,00","150,00","","-0,07%"
"28.07.2021","150,10","150,10","150,10","150,10","","0,23%"
"27.07.2021","149,75","149,75","149,75","149,75","","0,00%"
"26.07.2021","149,75","149,75","149,75","149,75","","0,00%"
"23.07.2021","149,75","149,75","149,75","149,75","","0,00%"
"22.07.2021","149,75","149,75","149,75","149,75","","0,00%"
"21.07.2021","149,75","149,75","149,75","149,75","","0,03%"
"20.07.2021","149,70","150,00","150,00","150,00","0,02K","-0,20%"
"19.07.2021","150,00","148,75","150,00","148,75","0,07K","1,28%"
"16.07.2021","148,10","148,10","148,10","148,10","0,01K","1,44%"
"15.07.2021","146,00","146,00","146,00","146,00","0,04K","1,04%"
"14.07.2021","144,50","144,50","144,50","144,50","0,01K","-0,07%"
"13.07.2021","144,60","144,60","144,60","144,60","0,01K","1,65%"
"12.07.2021","142,25","142,25","142,25","142,25","0,02K","-0,52%"
"09.07.2021","143,00","143,00","143,00","143,00","0,02K","0,53%"
"08.07.2021","142,25","142,00","143,00","142,00","0,11K","1,93%"
"07.07.2021","139,55","140,00","140,00","140,00","0,05K","-0,85%"
"06.07.2021","140,75","140,75","140,75","140,75","0,06K","-1,85%"
"05.07.2021","143,40","142,50","142,75","142,50","0,02K","2,98%"
"02.07.2021","139,25","139,25","139,25","139,25","0,00K","1,09%"
"01.07.2021","137,75","137,75","137,75","137,75","0,04K","2,26%"
"30.06.2021","134,70","132,50","132,50","132,50","0,07K","2,82%"
"29.06.2021","131,00","130,45","130,45","130,45","0,03K","1,91%"
"28.06.2021","128,55","130,50","130,50","128,50","0,23K","0,67%"
"25.06.2021","127,70","127,70","127,70","127,70","0,03K","0,16%"
"24.06.2021","127,50","127,50","127,50","127,50","0,02K","0,00%"
"23.06.2021","127,50","127,50","127,50","127,50","0,01K","0,20%"
"22.06.2021","127,25","127,25","127,25","127,25","0,00K","1,39%"
"21.06.2021","125,50","125,50","125,50","125,50","0,01K","0,40%"
"18.06.2021","125,00","125,00","125,00","125,00","0,00K","-0,79%"
"17.06.2021","126,00","126,00","126,00","126,00","0,01K","0,60%"
"16.06.2021","125,25","125,25","125,25","125,25","0,01K","0,20%"
"15.06.2021","125,00","125,00","125,00","125,00","","-0,44%"
"14.06.2021","125,55","125,55","125,55","125,55","0,01K","-1,14%"
"11.06.2021","127,00","127,00","127,00","127,00","0,01K","0,79%"
"10.06.2021","126,00","126,00","126,00","126,00","0,01K","1,86%"
"09.06.2021","123,70","123,70","123,70","123,70","0,01K","0,77%"
"08.06.2021","122,75","122,75","122,75","122,75","0,02K","0,95%"
"07.06.2021","121,60","121,60","121,60","121,60","0,00K","1,54%"
"04.06.2021","119,75","119,00","119,00","119,00","0,01K","0,63%"
"03.06.2021","119,00","119,00","119,00","119,00","0,01K","-0,79%"
"02.06.2021","119,95","121,25","121,25","120,00","0,01K","-0,46%"
"01.06.2021","120,50","119,00","119,00","119,00","0,00K","1,35%"
"31.05.2021","118,90","118,90","118,90","118,90","","12,17%"
"28.05.2021","106,00","106,00","106,00","106,00","0,01K","0,47%"
"27.05.2021","105,50","105,50","105,50","105,50","0,00K","0,38%"
"26.05.2021","105,10","105,00","105,00","105,00","0,00K","0,10%"
"25.05.2021","105,00","105,00","105,00","105,00","0,01K","1,69%"
"24.05.2021","103,25","101,00","103,00","101,00","0,01K","2,23%"
"21.05.2021","101,00","101,00","101,00","101,00","0,01K","1,25%"
"20.05.2021","99,75","99,75","99,75","99,75","0,02K","0,66%"
"19.05.2021","99,10","99,10","99,10","99,10","0,01K","0,00%"
"18.05.2021","99,10","99,50","99,50","99,20","0,02K","0,76%"
"17.05.2021","98,35","98,35","98,35","98,35","0,02K","-0,66%"
"14.05.2021","99,00","99,00","99,00","99,00","0,00K","-1,98%"
"13.05.2021","101,00","101,00","101,00","101,00","0,02K","1,00%"
"12.05.2021","100,00","100,00","100,00","100,00","0,03K","1,32%"
"11.05.2021","98,70","98,70","98,70","98,70","0,02K","1,13%"
"10.05.2021","97,60","97,40","97,65","97,40","0,01K","1,51%"
"07.05.2021","96,15","96,15","96,15","96,15","0,01K","0,10%"
"06.05.2021","96,05","95,15","95,25","95,15","0,00K","2,40%"
"05.05.2021","93,80","93,80","93,80","93,80","0,03K","0,86%"
"04.05.2021","93,00","93,00","93,00","93,00","0,02K","0,22%"
"03.05.2021","92,80","92,80","92,80","92,80","","-0,54%"
"30.04.2021","93,30","93,30","93,30","93,30","0,01K","0,43%"
"29.04.2021","92,90","92,90","92,90","92,90","0,01K","0,00%"
"28.04.2021","92,90","92,90","92,90","92,90","0,00K","-0,21%"
"27.04.2021","93,10","93,10","93,10","93,10","0,00K","0,00%"
"26.04.2021","93,10","93,10","93,10","93,10","0,01K","0,11%"
"23.04.2021","93,00","93,00","93,00","93,00","0,00K","-1,01%"
"22.04.2021","93,95","93,95","93,95","93,95","0,00K","0,21%"
"21.04.2021","93,75","93,75","93,75","93,75","0,03K","-0,27%"
"20.04.2021","94,00","94,00","94,00","94,00","0,01K","-0,37%"
"19.04.2021","94,35","94,35","94,35","94,35","0,02K","0,05%"
"16.04.2021","94,30","93,50","94,35","93,50","0,06K","0,86%"
"15.04.2021","93,50","93,50","93,50","93,50","0,01K","0,11%"
"14.04.2021","93,40","93,40","93,40","93,40","0,00K","-0,05%"
"13.04.2021","93,45","93,50","93,50","93,50","0,09K","0,16%"
"12.04.2021","93,30","93,30","93,30","93,30","0,04K","0,21%"
"09.04.2021","93,10","93,50","93,50","93,00","0,15K","-0,75%"
"08.04.2021","93,80","94,00","94,00","94,00","0,09K","-0,95%"
"07.04.2021","94,70","94,60","94,60","94,60","0,08K","-0,16%"
"06.04.2021","94,85","94,85","94,85","94,85","0,08K","-1,71%"
"05.04.2021","96,50","96,50","96,50","96,50","","0,00%"
"01.04.2021","96,50","97,00","97,25","96,95","0,07K","0,26%"
"31.03.2021","96,25","95,75","96,25","95,75","0,05K","2,56%"
"30.03.2021","93,85","94,00","94,00","93,80","0,07K","0,91%"
"29.03.2021","93,00","95,25","95,25","93,25","0,09K","-1,01%"
"26.03.2021","93,95","93,95","93,95","93,95","0,00K","-0,58%"
"25.03.2021","94,50","94,50","94,50","94,50","0,01K","0,00%"
"24.03.2021","94,50","94,50","94,50","94,50","0,01K","0,00%"
"23.03.2021","94,50","95,00","95,00","95,00","0,00K","0,53%"
"22.03.2021","94,00","94,00","94,00","94,00","0,01K","1,35%"
"19.03.2021","92,75","91,50","93,00","91,50","0,02K","1,92%"
"18.03.2021","91,00","91,00","91,00","91,00","0,00K","0,28%"
"17.03.2021","90,75","90,75","90,75","90,75","0,02K","0,28%"
"16.03.2021","90,50","90,50","90,50","90,50","0,03K","0,00%"
"15.03.2021","90,50","90,50","90,50","90,50","0,01K","0,56%"
"12.03.2021","90,00","90,00","90,00","90,00","0,03K","1,12%"
"11.03.2021","89,00","89,00","89,00","89,00","0,00K","0,00%"
"10.03.2021","89,00","89,00","89,00","89,00","0,01K","0,56%"
"09.03.2021","88,50","87,30","89,00","87,30","0,03K","0,57%"
"08.03.2021","88,00","87,50","88,00","87,50","0,00K","0,28%"
"05.03.2021","87,75","88,00","88,00","87,50","0,00K","0,29%"
"04.03.2021","87,50","88,00","88,00","87,50","0,10K","-0,51%"
"03.03.2021","87,95","88,00","88,00","88,00","0,00K","0,51%"
"02.03.2021","87,50","87,50","87,50","87,30","0,08K","2,22%"
"01.03.2021","85,60","84,50","86,00","84,50","0,05K","0,59%"
"26.02.2021","85,10","85,10","85,10","85,10","0,03K","-0,47%"
"25.02.2021","85,50","85,50","85,50","85,50","0,02K","0,00%"
"24.02.2021","85,50","85,50","85,50","85,50","0,01K","0,00%"
"23.02.2021","85,50","85,50","85,50","85,50","0,01K","-0,29%"
"22.02.2021","85,75","85,75","85,75","85,75","0,00K","-0,29%"
"19.02.2021","86,00","86,00","86,00","86,00","0,01K","0,29%"
"18.02.2021","85,75","85,75","85,75","85,75","0,01K","-0,29%"
"17.02.2021","86,00","86,00","86,00","86,00","0,02K","-0,64%"
"16.02.2021","86,55","86,50","86,50","86,50","0,00K","-0,57%"
"15.02.2021","87,05","87,00","87,00","87,00","0,00K","-0,46%"
"12.02.2021","87,45","87,45","87,45","87,45","0,00K","0,06%"
"11.02.2021","87,40","87,40","87,40","87,40","0,13K","-0,23%"
"10.02.2021","87,60","87,60","87,60","87,60","0,01K","0,34%"
"09.02.2021","87,30","87,00","87,00","87,00","0,00K","-0,23%"
"08.02.2021","87,50","87,50","87,50","87,50","0,00K","0,98%"
"05.02.2021","86,65","86,65","86,65","86,65","0,04K","2,67%"
"04.02.2021","84,40","84,25","84,25","84,25","0,03K","0,78%"
"03.02.2021","83,75","85,10","85,10","83,50","0,09K","-1,47%"
"02.02.2021","85,00","85,30","85,30","85,00","0,16K","-0,76%"
"01.02.2021","85,65","89,25","89,25","88,00","0,08K","-0,64%"
"29.01.2021","86,20","86,20","86,20","86,20","","-0,12%"
"28.01.2021","86,30","86,30","86,30","86,30","0,00K","0,12%"
"27.01.2021","86,20","86,25","86,25","86,25","0,02K","0,23%"
"26.01.2021","86,00","86,00","86,00","86,00","0,01K","0,06%"
"25.01.2021","85,95","85,90","85,90","85,90","0,01K","0,06%"
"22.01.2021","85,90","85,90","85,90","85,90","","0,47%"
"21.01.2021","85,50","85,50","85,50","85,50","","0,00%"
"20.01.2021","85,50","85,50","85,50","85,50","0,01K","0,59%"
"19.01.2021","85,00","85,55","85,55","84,75","0,05K","-1,62%"
"18.01.2021","86,40","86,40","86,40","86,40","0,02K","-1,14%"
"15.01.2021","87,40","87,40","87,40","87,40","0,03K","0,17%"
"14.01.2021","87,25","87,25","87,25","87,25","0,01K","-0,06%"
"13.01.2021","87,30","87,30","87,30","87,30","0,06K","0,92%"
"12.01.2021","86,50","86,50","86,50","86,50","0,09K","2,37%"
"11.01.2021","84,50","84,50","84,50","84,50","0,06K","0,24%"
"08.01.2021","84,30","82,75","84,00","82,75","0,03K","4,01%"
"07.01.2021","81,05","79,30","81,00","79,30","0,05K","2,01%"
"06.01.2021","79,45","80,10","80,10","79,50","0,02K","-1,12%"
"05.01.2021","80,35","81,50","81,50","80,50","0,14K","-1,05%"
"04.01.2021","81,20","82,25","82,25","81,25","0,13K","0,87%"
"31.12.2020","80,50","81,30","81,30","80,50","0,02K","-1,35%"
"30.12.2020","81,60","82,50","82,50","81,50","0,08K","-3,09%"
"29.12.2020","84,20","84,50","84,50","84,50","0,03K","-1,35%"
"28.12.2020","85,35","85,35","85,35","85,35","0,04K","6,89%"
"24.12.2020","79,85","79,85","79,85","79,85","","0,00%"
"23.12.2020","79,85","79,85","79,85","79,85","0,01K","-0,19%"
"22.12.2020","80,00","80,00","80,00","80,00","0,03K","0,19%"
"21.12.2020","79,85","79,85","79,85","79,85","0,00K","-0,19%"
"18.12.2020","80,00","80,00","80,00","80,00","0,01K","0,63%"
"17.12.2020","79,50","79,50","79,50","79,50","0,01K","0,32%"
"16.12.2020","79,25","79,25","79,25","79,25","0,03K","-0,31%"
"15.12.2020","79,50","79,50","79,50","79,50","0,01K","0,95%"
"14.12.2020","78,75","78,75","78,75","78,75","0,03K","1,35%"
"11.12.2020","77,70","77,95","77,95","77,95","0,01K","0,26%"
"10.12.2020","77,50","77,00","77,50","77,00","0,02K","1,17%"
"09.12.2020","76,60","76,75","76,85","76,75","0,01K","0,86%"
"08.12.2020","75,95","75,95","75,95","75,95","0,04K","-0,46%"
"07.12.2020","76,30","74,50","76,00","74,50","0,15K","2,76%"
"04.12.2020","74,25","74,25","74,25","74,25","0,01K","0,95%"
"03.12.2020","73,55","72,75","74,00","72,75","0,08K","3,01%"
"02.12.2020","71,40","71,40","71,40","71,40","0,04K","1,93%"
"01.12.2020","70,05","70,05","70,05","70,05","0,01K","-0,36%"
"30.11.2020","70,30","69,00","70,00","69,00","0,02K","10,02%"
"27.11.2020","63,90","63,90","63,90","63,90","0,02K","0,08%"
"26.11.2020","63,85","63,85","63,85","63,85","0,01K","0,16%"
"25.11.2020","63,75","63,75","63,75","63,75","0,02K","0,39%"
"24.11.2020","63,50","63,50","63,50","63,50","0,05K","0,16%"
"23.11.2020","63,40","63,40","63,40","63,40","0,01K","0,08%"
"20.11.2020","63,35","62,75","63,30","62,75","0,04K","1,12%"
"19.11.2020","62,65","62,60","62,65","62,60","0,02K","0,32%"
"18.11.2020","62,45","62,50","62,50","62,50","0,01K","0,08%"
"17.11.2020","62,40","62,30","62,30","62,30","0,01K","0,16%"
"16.11.2020","62,30","62,20","62,30","62,20","0,03K","0,08%"
"13.11.2020","62,25","62,25","62,25","62,25","0,01K","-0,08%"
"12.11.2020","62,30","62,30","62,30","62,30","0,01K","0,00%"
"11.11.2020","62,30","62,30","62,30","62,30","0,01K","0,00%"
"10.11.2020","62,30","62,30","62,30","62,30","0,01K","0,40%"
"09.11.2020","62,05","62,20","62,20","62,20","0,00K","0,65%"
"06.11.2020","61,65","61,50","61,70","61,50","0,09K","0,33%"
"05.11.2020","61,45","61,00","61,50","61,00","0,06K","1,40%"
"04.11.2020","60,60","60,50","60,50","60,50","0,00K","0,08%"
"03.11.2020","60,55","60,00","60,60","60,00","0,01K","1,09%"
"02.11.2020","59,90","59,75","59,75","59,75","0,01K","2,92%"
"30.10.2020","58,20","58,20","58,20","58,20","0,02K","0,00%"
"29.10.2020","58,20","58,20","58,20","58,20","0,02K","0,00%"
"28.10.2020","58,20","58,20","58,20","58,20","0,01K","0,09%"
"27.10.2020","58,15","58,15","58,15","58,15","0,00K","0,26%"
"26.10.2020","58,00","58,05","58,05","58,00","0,01K","0,00%"
"23.10.2020","58,00","58,00","58,00","58,00","0,01K","0,00%"
"22.10.2020","58,00","58,00","58,00","58,00","0,00K","0,43%"
"21.10.2020","57,75","57,70","57,70","57,70","0,00K","-0,09%"
"20.10.2020","57,80","57,50","57,85","57,50","0,01K","0,87%"
"19.10.2020","57,30","57,00","57,40","57,00","0,01K","1,78%"
"16.10.2020","56,30","56,25","56,25","56,25","0,11K","1,08%"
"15.10.2020","55,70","55,40","55,80","55,40","0,04K","0,54%"
"14.10.2020","55,40","55,70","55,70","55,50","0,01K","1,28%"
"13.10.2020","54,70","55,00","55,00","54,35","0,02K","-3,78%"
"12.10.2020","56,85","56,85","56,85","56,85","0,04K","-0,96%"
"09.10.2020","57,40","57,40","57,40","57,40","0,02K","-1,03%"
"08.10.2020","58,00","58,00","58,00","57,90","0,03K","0,00%"
"07.10.2020","58,00","57,95","57,95","57,95","0,00K","-0,17%"
"06.10.2020","58,10","58,10","58,10","58,10","0,01K","0,00%"
"05.10.2020","58,10","58,10","58,10","58,10","0,02K","0,96%"
"02.10.2020","57,55","58,25","58,25","57,60","0,21K","-1,79%"
"01.10.2020","58,60","58,60","58,60","58,60","0,12K","0,00%"
"30.09.2020","58,60","58,50","58,50","58,25","0,17K","-0,09%"
"29.09.2020","58,65","58,65","58,65","58,65","0,03K","-0,59%"
"28.09.2020","59,00","58,75","58,75","58,70","0,07K","11,74%"
"25.09.2020","52,80","52,80","52,80","52,80","0,00K","0,00%"
"24.09.2020","52,80","52,80","52,80","52,80","0,00K","0,09%"
"23.09.2020","52,75","52,75","52,75","52,75","0,05K","0,09%"
"22.09.2020","52,70","52,70","52,75","52,60","0,08K","0,48%"
"21.09.2020","52,45","52,30","52,65","52,30","0,01K","0,77%"
"18.09.2020","52,05","52,10","52,20","52,10","0,01K","0,29%"
"17.09.2020","51,90","51,95","52,10","51,95","0,02K","0,78%"
"16.09.2020","51,50","51,25","51,50","51,25","0,01K","0,98%"
"15.09.2020","51,00","50,75","51,00","50,70","0,01K","0,49%"
"14.09.2020","50,75","50,75","50,75","50,75","0,01K","0,00%"
"11.09.2020","50,75","50,50","51,00","50,40","0,01K","2,01%"
"10.09.2020","49,75","50,00","50,50","50,00","0,01K","1,95%"
"09.09.2020","48,80","48,85","48,85","48,85","0,01K","0,10%"
"08.09.2020","48,75","48,40","48,75","48,40","0,01K","0,52%"
"07.09.2020","48,50","48,50","48,50","48,50","0,00K","-1,02%"
"04.09.2020","49,00","49,40","49,40","49,00","0,01K","-1,41%"
"03.09.2020","49,70","50,25","50,25","49,70","0,01K","-1,78%"
"02.09.2020","50,60","51,00","51,00","50,60","0,03K","-1,56%"
"01.09.2020","51,40","51,50","51,50","51,30","0,01K","-1,06%"
"31.08.2020","51,95","51,50","51,50","51,50","0,01K","4,42%"
"28.08.2020","49,75","49,90","49,90","49,90","0,01K","-0,10%"
"27.08.2020","49,80","49,80","49,80","49,80","0,04K","0,20%"
"26.08.2020","49,70","49,70","49,70","49,70","0,01K","-0,10%"
"25.08.2020","49,75","49,75","49,75","49,75","0,03K","0,10%"
"24.08.2020","49,70","49,70","49,70","49,70","0,01K","-0,20%"
"21.08.2020","49,80","49,80","49,80","49,80","0,02K","-0,60%"
"20.08.2020","50,10","50,10","50,10","50,10","0,03K","-0,30%"
"19.08.2020","50,25","50,25","50,25","50,25","0,03K","-0,40%"
"18.08.2020","50,45","50,45","50,45","50,45","0,01K","0,00%"
"17.08.2020","50,45","50,40","50,40","50,40","0,00K","0,10%"
"14.08.2020","50,40","50,25","50,25","50,25","0,01K","1,00%"
"13.08.2020","49,90","49,85","49,90","49,85","0,00K","0,81%"
"12.08.2020","49,50","49,85","49,85","49,85","0,01K","-0,80%"
"11.08.2020","49,90","49,50","49,50","49,50","0,01K","-1,19%"
"10.08.2020","50,50","50,50","50,50","50,50","0,01K","-1,37%"
"07.08.2020","51,20","51,20","51,20","51,20","0,05K","1,99%"
"06.08.2020","50,20","50,20","50,20","50,20","0,02K","-2,71%"
"05.08.2020","51,60","52,40","52,40","52,00","0,06K","-1,62%"
"04.08.2020","52,45","52,45","52,45","52,45","0,02K","-0,29%"
"03.08.2020","52,60","52,60","52,60","52,60","0,02K","1,25%"
"31.07.2020","51,95","51,95","51,95","51,95","0,00K","0,10%"
"30.07.2020","51,90","51,90","51,90","51,90","0,00K","0,19%"
"29.07.2020","51,80","51,80","51,80","51,80","0,01K","0,00%"
"28.07.2020","51,80","51,80","51,80","51,80","0,03K","-0,86%"
"27.07.2020","52,25","52,25","52,25","52,25","0,01K","0,48%"
"24.07.2020","52,00","52,10","52,10","52,00","0,00K","0,10%"
"23.07.2020","51,95","51,95","51,95","51,95","0,02K","-0,29%"
"22.07.2020","52,10","52,10","52,10","52,10","0,01K","0,10%"
"21.07.2020","52,05","52,30","52,30","52,30","0,01K","0,10%"
"20.07.2020","52,00","52,00","52,00","52,00","0,01K","-0,38%"
"17.07.2020","52,20","52,20","52,25","52,15","0,01K","-0,29%"
"16.07.2020","52,35","52,25","52,25","52,10","0,01K","-0,48%"
"15.07.2020","52,60","52,65","52,65","52,60","0,02K","0,19%"
"14.07.2020","52,50","52,70","52,70","52,70","0,05K","0,57%"
"13.07.2020","52,20","52,25","52,25","52,25","0,05K","-0,38%"
"10.07.2020","52,40","52,40","52,40","52,35","0,02K","0,00%"
"09.07.2020","52,40","52,55","52,55","52,55","0,03K","-0,29%"
"08.07.2020","52,55","52,50","52,50","52,50","0,04K","-0,85%"
"07.07.2020","53,00","53,25","53,25","53,00","0,03K","0,66%"
"06.07.2020","52,65","52,65","52,65","52,60","0,01K","0,38%"
"03.07.2020","52,45","52,50","52,50","52,40","0,03K","-0,29%"
"02.07.2020","52,60","53,00","53,00","52,50","0,06K","1,94%"
"01.07.2020","51,60","51,60","51,60","51,40","0,09K","-1,05%"
"30.06.2020","52,15","52,50","52,50","51,80","0,14K","-1,04%"
"29.06.2020","52,70","52,70","52,70","52,70","0,04K","-1,50%"
"26.06.2020","53,50","53,50","53,50","53,50","0,01K","0,47%"
"25.06.2020","53,25","53,25","53,25","53,25","0,02K","0,76%"
"24.06.2020","52,85","52,85","52,85","52,85","0,01K","-0,28%"
"23.06.2020","53,00","53,00","53,00","53,00","0,02K","-0,19%"
"22.06.2020","53,10","53,10","53,10","53,10","0,01K","0,00%"
"19.06.2020","53,10","53,10","53,10","53,10","0,01K","0,28%"
"18.06.2020","52,95","52,95","52,95","52,95","0,03K","-0,75%"
"17.06.2020","53,35","53,35","53,35","53,35","0,04K","0,00%"
"16.06.2020","53,35","53,35","53,35","53,35","0,01K","-0,09%"
"15.06.2020","53,40","53,40","53,40","53,40","0,00K","0,75%"
"12.06.2020","53,00","53,00","53,00","53,00","0,07K","0,19%"
"11.06.2020","52,90","52,90","52,90","52,90","0,03K","-0,28%"
"10.06.2020","53,05","53,30","53,30","53,00","0,02K","-1,21%"
"09.06.2020","53,70","54,40","54,40","54,00","0,01K","-2,10%"
"08.06.2020","54,85","55,00","55,00","54,90","0,02K","-1,35%"
"05.06.2020","55,60","55,60","55,60","55,60","0,01K","0,72%"
"04.06.2020","55,20","55,50","55,50","55,10","0,09K","-1,08%"
"03.06.2020","55,80","56,00","56,00","55,50","0,05K","0,45%"
"02.06.2020","55,55","55,50","55,50","55,50","0,02K","-0,18%"
"01.06.2020","55,65","55,65","55,65","55,65","0,03K","7,02%"
"29.05.2020","52,00","52,00","52,00","52,00","0,01K","-0,48%"
"28.05.2020","52,25","52,25","52,25","52,25","0,01K","-0,48%"
"27.05.2020","52,50","52,50","52,50","52,50","0,00K","0,19%"
"26.05.2020","52,40","52,40","52,40","52,40","0,01K","0,87%"
"25.05.2020","51,95","51,95","51,95","51,95","","0,00%"
"22.05.2020","51,95","51,95","51,95","51,95","0,01K","0,10%"
"21.05.2020","51,90","51,90","51,90","51,90","0,02K","-0,29%"
"20.05.2020","52,05","52,00","52,00","52,00","0,03K","0,48%"
"19.05.2020","51,80","51,80","51,80","51,80","0,01K","0,78%"
"18.05.2020","51,40","51,40","51,40","51,40","0,01K","0,88%"
"15.05.2020","50,95","51,90","51,90","51,50","0,02K","-1,55%"
"14.05.2020","51,75","52,40","52,40","51,75","0,02K","-1,24%"
"13.05.2020","52,40","52,40","52,40","52,40","0,03K","0,77%"
"12.05.2020","52,00","52,00","52,00","52,00","0,01K","0,58%"
"11.05.2020","51,70","51,70","51,70","51,70","0,01K","1,08%"
"08.05.2020","51,15","51,15","51,15","51,15","","0,00%"
"07.05.2020","51,15","51,30","51,40","51,20","0,01K","-0,10%"
"06.05.2020","51,20","51,00","51,60","50,95","0,06K","1,39%"
"05.05.2020","50,50","50,50","50,50","50,50","0,08K","-0,20%"
"04.05.2020","50,60","50,50","50,50","50,50","0,02K","-1,27%"
"01.05.2020","51,25","51,50","51,50","51,25","0,01K","-2,10%"
"30.04.2020","52,35","52,00","52,00","51,95","0,13K","2,15%"
"29.04.2020","51,25","51,25","51,40","51,00","0,08K","0,00%"
"28.04.2020","51,25","50,50","51,15","50,50","0,09K","1,49%"
"27.04.2020","50,50","50,90","50,90","50,50","0,05K","-17,35%"
"24.04.2020","61,10","61,10","61,10","61,10","0,01K","0,25%"
"23.04.2020","60,95","60,95","60,95","60,95","0,00K","-0,33%"
"22.04.2020","61,15","61,00","61,00","61,00","0,00K","-0,16%"
"21.04.2020","61,25","61,25","61,25","61,25","0,00K","-0,41%"
"20.04.2020","61,50","61,50","61,50","61,50","0,04K","-0,81%"
"17.04.2020","62,00","61,50","61,50","61,50","0,05K","0,16%"
"16.04.2020","61,90","61,90","61,90","61,90","0,03K","-0,56%"
"15.04.2020","62,25","62,40","62,40","62,40","0,00K","-0,80%"
"14.04.2020","62,75","62,75","62,75","62,75","0,01K","-1,34%"
"13.04.2020","63,60","63,60","63,60","63,60","","0,00%"
"09.04.2020","63,60","63,60","63,60","63,60","0,04K","1,52%"
"08.04.2020","62,65","62,65","62,65","62,65","0,07K","-1,80%"
"07.04.2020","63,80","64,50","64,50","64,50","0,02K","-0,55%"
"06.04.2020","64,15","64,15","64,15","64,15","0,01K","-2,88%"
"03.04.2020","66,05","65,60","65,60","65,60","0,07K","-0,23%"
"02.04.2020","66,20","67,00","67,00","65,45","0,12K","-0,75%"
"01.04.2020","66,70","67,25","67,30","67,25","0,10K","-1,69%"
"31.03.2020","67,85","68,60","68,60","67,50","0,27K","-1,67%"
"30.03.2020","69,00","69,00","69,15","69,00","0,07K","3,53%"
"27.03.2020","66,65","66,65","66,65","66,65","0,02K","0,23%"
"26.03.2020","66,50","66,50","66,50","66,50","0,03K","0,23%"
"25.03.2020","66,35","66,20","66,40","66,20","0,01K","-0,23%"
"24.03.2020","66,50","66,50","66,50","66,50","0,00K","0,68%"
"23.03.2020","66,05","66,10","66,10","66,05","0,01K","-0,38%"
"20.03.2020","66,30","66,20","66,25","66,20","0,01K","0,23%"
"19.03.2020","66,15","66,20","66,35","66,10","0,01K","0,08%"
"18.03.2020","66,10","66,05","66,10","66,05","0,03K","0,08%"
"17.03.2020","66,05","66,00","66,00","66,00","0,04K","0,76%"
"16.03.2020","65,55","66,10","66,10","66,00","0,03K","-0,38%"
"13.03.2020","65,80","66,00","66,00","65,90","0,07K","0,61%"
"12.03.2020","65,40","65,10","65,10","65,05","0,03K","-0,38%"
"11.03.2020","65,65","65,35","65,35","65,35","0,02K","0,54%"
"10.03.2020","65,30","65,30","65,35","65,25","0,04K","0,23%"
"09.03.2020","65,15","64,70","65,00","64,60","0,02K","-1,14%"
"06.03.2020","65,90","65,75","66,00","65,75","0,03K","-0,75%"
"05.03.2020","66,40","66,20","66,60","66,20","0,09K","0,99%"
"04.03.2020","65,75","66,00","66,00","65,30","0,18K","-0,68%"
"03.03.2020","66,20","66,05","66,05","66,05","0,08K","-0,23%"
"02.03.2020","66,35","66,25","66,35","66,25","0,02K","-1,56%"
"28.02.2020","67,40","67,40","67,40","67,40","0,01K","-0,74%"
"27.02.2020","67,90","67,90","67,90","67,90","0,02K","0,22%"
"26.02.2020","67,75","67,75","67,75","67,75","0,01K","-0,22%"
"25.02.2020","67,90","67,90","67,90","67,90","0,00K","-0,15%"
"24.02.2020","68,00","68,00","68,00","68,00","0,01K","0,15%"
"21.02.2020","67,90","67,90","67,90","67,90","0,00K","-1,02%"
"20.02.2020","68,60","68,60","68,60","68,60","0,01K","0,59%"
"19.02.2020","68,20","68,30","68,30","68,30","0,01K","-0,29%"
"18.02.2020","68,40","68,60","68,60","68,40","0,03K","-1,01%"
"17.02.2020","69,10","69,10","69,10","69,10","0,01K","-0,50%"
"14.02.2020","69,45","69,45","69,45","69,45","0,00K","0,51%"
"13.02.2020","69,10","69,10","69,10","69,10","0,03K","0,29%"
"12.02.2020","68,90","68,90","68,90","68,90","0,02K","-0,07%"
"11.02.2020","68,95","68,95","68,95","68,95","0,01K","1,25%"
"10.02.2020","68,10","68,10","68,10","68,10","0,02K","-0,58%"
"07.02.2020","68,50","69,50","69,50","68,50","0,07K","-1,72%"
"06.02.2020","69,70","69,35","69,75","69,35","0,20K","0,58%"
"05.02.2020","69,30","69,00","69,50","69,00","0,10K","1,09%"
"04.02.2020","68,55","68,55","68,55","68,55","0,08K","3,39%"
"03.02.2020","66,30","66,30","66,30","66,30","0,01K","-3,21%"
"31.01.2020","68,50","68,50","68,50","68,50","0,01K","-0,22%"
"30.01.2020","68,65","68,65","68,65","68,65","0,01K","0,07%"
"29.01.2020","68,60","68,60","68,60","68,60","0,03K","0,37%"
"28.01.2020","68,35","68,35","68,35","68,35","","-1,09%"
"27.01.2020","69,10","69,10","69,10","69,10","0,01K","0,00%"
"24.01.2020","69,10","69,10","69,10","69,10","0,01K","0,00%"
"23.01.2020","69,10","69,10","69,10","69,10","0,00K","1,77%"
"22.01.2020","67,90","67,90","67,90","67,90","0,00K","-1,67%"
"21.01.2020","69,05","69,05","69,05","69,05","0,01K","-1,22%"
"20.01.2020","69,90","69,90","69,90","69,90","0,01K","-0,14%"
"17.01.2020","70,00","70,00","70,00","70,00","","-0,64%"
"16.01.2020","70,45","70,45","70,45","70,45","0,01K","-0,07%"
"15.01.2020","70,50","70,50","70,50","70,50","0,00K","-0,42%"
"14.01.2020","70,80","70,80","70,80","70,80","0,03K","-2,01%"
"13.01.2020","72,25","72,35","72,35","72,35","0,08K","1,90%"
"10.01.2020","70,90","69,85","71,15","69,85","0,07K","2,83%"
"09.01.2020","68,95","68,95","68,95","68,95","0,25K","2,76%"
"08.01.2020","67,10","67,50","67,50","67,50","0,07K","-0,07%"
"07.01.2020","67,15","67,20","67,20","67,20","0,05K","-0,15%"
"06.01.2020","67,25","67,30","67,30","67,30","0,04K","-0,37%"
"03.01.2020","67,50","67,25","67,50","67,25","0,12K","-0,59%"
"02.01.2020","67,90","67,50","67,50","67,50","0,04K","0,30%"